"Guid","Description","DisplayUrl","ExternalId","Family","IsActive","Name","ProductCode","QuantityUnitOfMeasure","SBQQ__AssetAmendmentBehavior__c","SBQQ__AssetConversion__c","SBQQ__BatchQuantity__c","SBQQ__BillingFrequency__c","SBQQ__BillingType__c","SBQQ__BlockPricingField__c","SBQQ__ChargeType__c","SBQQ__Component__c","SBQQ__CompoundDiscountRate__c","SBQQ__ConfigurationEvent__c","SBQQ__ConfigurationFieldSet__c","SBQQ__ConfigurationFields__c","SBQQ__ConfigurationFormTitle__c","SBQQ__ConfigurationType__c","SBQQ__ConfigurationValidator__c","SBQQ__ConfiguredCodePattern__c","SBQQ__ConfiguredDescriptionPattern__c","SBQQ__CostEditable__c","SBQQ__CustomConfigurationPage__c","SBQQ__CustomConfigurationRequired__c","SBQQ__CustomerCommunityAvailability__c","SBQQ__DefaultPricingTable__c","SBQQ__DefaultQuantity__c","SBQQ__DescriptionLocked__c","SBQQ__DynamicPricingConstraint__c","SBQQ__EnableLargeConfiguration__c","SBQQ__ExcludeFromMaintenance__c","SBQQ__ExcludeFromOpportunity__c","SBQQ__ExternallyConfigurable__c","SBQQ__GenerateContractedPrice__c","SBQQ__HasConfigurationAttributes__c","SBQQ__HasConsumptionSchedule__c","SBQQ__Hidden__c","SBQQ__HidePriceInSearchResults__c","SBQQ__IncludeInMaintenance__c","SBQQ__NewQuoteGroup__c","SBQQ__NonDiscountable__c","SBQQ__NonPartnerDiscountable__c","SBQQ__OptionLayout__c","SBQQ__OptionSelectionMethod__c","SBQQ__Optional__c","SBQQ__PriceEditable__c","SBQQ__PricingMethodEditable__c","SBQQ__PricingMethod__c","SBQQ__ProductPictureID__c","SBQQ__QuantityEditable__c","SBQQ__QuantityScale__c","SBQQ__ReconfigurationDisabled__c","SBQQ__RenewalProduct__c","SBQQ__SortOrder__c","SBQQ__Specifications__c","SBQQ__SubscriptionBase__c","SBQQ__SubscriptionCategory__c","SBQQ__SubscriptionPercent__c","SBQQ__SubscriptionPricing__c","SBQQ__SubscriptionTarget__c","SBQQ__SubscriptionTerm__c","SBQQ__SubscriptionType__c","SBQQ__TaxCode__c","SBQQ__Taxable__c","SBQQ__TermDiscountLevel__c","SBQQ__UpgradeCredit__c","SBQQ__UpgradeRatio__c","SBQQ__UpgradeSource__c","SBQQ__UpgradeTarget__c","StockKeepingUnit"
001a81cf-14c8-4c3f-a446-49baeb14364f,"#N/A","#N/A","#N/A","#N/A",false,FULL_FLOW_TEST_123456,"#N/A","#N/A",Default,One per quote line,"#N/A","#N/A","#N/A",Quantity,"#N/A",false,"#N/A","#N/A","#N/A","#N/A","#N/A","#N/A","#N/A","#N/A","#N/A",false,"#N/A",false,"#N/A","#N/A",1.0,false,"#N/A",false,false,false,false,"#N/A",false,false,false,false,false,false,false,false,"#N/A",Click,false,false,false,List,"#N/A",true,"#N/A",false,"#N/A","#N/A","#N/A",List,"#N/A","#N/A","#N/A","#N/A","#N/A",Renewable,"#N/A",false,"#N/A","#N/A","#N/A","#N/A","#N/A","#N/A"
0077669b-b4ac-4650-bf90-1e6907b948c8,"#N/A","#N/A","#N/A","#N/A",false,MarkTest1,"#N/A","#N/A",Default,One per quote line,"#N/A","#N/A","#N/A",Quantity,"#N/A",false,"#N/A","#N/A","#N/A","#N/A","#N/A","#N/A","#N/A","#N/A","#N/A",false,"#N/A",false,"#N/A","#N/A",1.0,false,"#N/A",false,false,false,false,"#N/A",false,false,false,false,false,false,false,false,"#N/A",Click,false,false,false,List,"#N/A",true,"#N/A",false,"#N/A","#N/A","#N/A",List,"#N/A","#N/A","#N/A","#N/A","#N/A",Renewable,"#N/A",false,"#N/A","#N/A","#N/A","#N/A","#N/A","#N/A"
062f5ea6-717b-48b8-b347-659c6e5990c1,"#N/A","#N/A","#N/A","#N/A",false,test4,"#N/A","#N/A",Default,One per quote line,"#N/A","#N/A","#N/A",Quantity,"#N/A",false,"#N/A","#N/A","#N/A","#N/A","#N/A","#N/A","#N/A","#N/A","#N/A",false,"#N/A",false,"#N/A","#N/A",1.0,false,"#N/A",false,false,false,false,"#N/A",false,false,false,false,false,false,false,false,"#N/A",Click,false,false,false,List,"#N/A",true,"#N/A",false,"#N/A","#N/A","#N/A",List,"#N/A","#N/A","#N/A","#N/A","#N/A",Renewable,"#N/A",false,"#N/A","#N/A","#N/A","#N/A","#N/A","#N/A"
098150ea-8c41-4fb0-9daf-217306d891d9,"#N/A","#N/A","#N/A","#N/A",false,myProduct1_edit 2,"#N/A","#N/A",Default,One per quote line,"#N/A","#N/A","#N/A",Quantity,"#N/A",false,10.0,Always,"#N/A","#N/A","#N/A",Required,"#N/A","#N/A","#N/A",false,"#N/A",false,Always,"#N/A",1.0,false,List price is minimum,false,false,false,false,"#N/A",false,false,false,false,false,false,false,false,"#N/A",Add,false,false,true,Cost,"#N/A",true,"#N/A",false,"#N/A","#N/A","#N/A",List,"#N/A","#N/A","#N/A","#N/A","#N/A",Renewable,"#N/A",false,Line,"#N/A","#N/A","#N/A","#N/A","#N/A"
0de6d0fe-c45f-4f03-b868-1eba5a8269a1,"#N/A","#N/A","#N/A","#N/A",false,AAAAAAAAAAAAAAAAAAAAAAAAAAA,"#N/A","#N/A",Default,One per quote line,"#N/A","#N/A","#N/A",Quantity,"#N/A",false,"#N/A","#N/A","#N/A","#N/A","#N/A","#N/A","#N/A","#N/A","#N/A",false,"#N/A",false,"#N/A","#N/A",1.0,false,"#N/A",false,false,false,false,"#N/A",false,false,false,false,false,false,false,false,"#N/A",Click,false,false,false,List,"#N/A",true,"#N/A",false,"#N/A","#N/A","#N/A",List,"#N/A","#N/A","#N/A","#N/A","#N/A",Renewable,"#N/A",false,"#N/A","#N/A","#N/A","#N/A","#N/A","#N/A"
0efc26c4-c0a1-4dcf-9a5d-ae64714cbad5,"#N/A","#N/A","#N/A","#N/A",false,mooverTest2,"#N/A","#N/A",Default,One per quote line,"#N/A","#N/A","#N/A",Quantity,"#N/A",false,"#N/A","#N/A","#N/A","#N/A","#N/A","#N/A","#N/A","#N/A","#N/A",false,"#N/A",false,"#N/A","#N/A",1.0,false,"#N/A",false,false,false,false,"#N/A",false,false,false,false,false,false,false,false,"#N/A",Click,false,false,false,List,"#N/A",true,"#N/A",false,"#N/A","#N/A","#N/A",List,"#N/A","#N/A","#N/A","#N/A","#N/A",Renewable,"#N/A",false,"#N/A","#N/A","#N/A","#N/A","#N/A","#N/A"
10b9a01c-1038-4e92-842a-4f708da9a58e,"#N/A","#N/A","#N/A","#N/A",false,test1,"#N/A","#N/A",Default,One per quote line,"#N/A","#N/A","#N/A",Quantity,"#N/A",false,"#N/A","#N/A","#N/A","#N/A","#N/A","#N/A","#N/A","#N/A","#N/A",false,"#N/A",false,"#N/A","#N/A",1.0,false,"#N/A",false,false,false,false,"#N/A",false,false,false,false,false,false,false,false,"#N/A",Click,false,false,false,List,"#N/A",true,"#N/A",false,"#N/A","#N/A","#N/A",List,"#N/A","#N/A","#N/A","#N/A","#N/A",Renewable,"#N/A",false,"#N/A","#N/A","#N/A","#N/A","#N/A","#N/A"
13686d27-f7ba-4fe3-8152-3acfcc52ab42,"#N/A","#N/A","#N/A","#N/A",false,FRIDAY,"#N/A","#N/A",Default,One per quote line,"#N/A","#N/A","#N/A",Quantity,"#N/A",false,"#N/A","#N/A","#N/A","#N/A","#N/A","#N/A","#N/A","#N/A","#N/A",false,"#N/A",false,"#N/A","#N/A",1.0,false,"#N/A",false,false,false,false,"#N/A",false,false,false,false,false,false,false,false,"#N/A",Click,false,false,false,List,"#N/A",true,"#N/A",false,"#N/A","#N/A","#N/A",List,"#N/A","#N/A","#N/A","#N/A","#N/A",Renewable,"#N/A",false,"#N/A","#N/A","#N/A","#N/A","#N/A","#N/A"
14a7623e-6dea-41f1-af6f-5e89f34cde0f,"#N/A","#N/A","#N/A","#N/A",false,iTravel® | Additional Language,"#N/A","#N/A",Default,One per quote line,"#N/A","#N/A","#N/A",Quantity,"#N/A",false,"#N/A","#N/A","#N/A","#N/A","#N/A","#N/A","#N/A","#N/A","#N/A",false,"#N/A",false,"#N/A","#N/A",1.0,false,"#N/A",false,false,false,false,"#N/A",false,false,false,false,false,false,false,false,"#N/A",Click,false,false,false,List,"#N/A",true,"#N/A",false,"#N/A","#N/A","#N/A",List,"#N/A","#N/A","#N/A","#N/A","#N/A",Renewable,"#N/A",false,"#N/A","#N/A","#N/A","#N/A","#N/A","#N/A"
1554416a-256b-4993-bb1e-4dab7441ed88,"#N/A","#N/A","#N/A","#N/A",false,myProduct1_edit 2,"#N/A","#N/A",Default,One per quote line,"#N/A","#N/A","#N/A",Quantity,"#N/A",false,10.0,Always,"#N/A","#N/A","#N/A",Required,"#N/A","#N/A","#N/A",false,"#N/A",false,Always,"#N/A",1.0,false,List price is minimum,false,false,false,false,"#N/A",false,false,false,false,false,false,false,false,"#N/A",Add,false,false,true,Cost,"#N/A",true,"#N/A",false,"#N/A","#N/A","#N/A",List,"#N/A","#N/A","#N/A","#N/A","#N/A",Renewable,"#N/A",false,Line,"#N/A","#N/A","#N/A","#N/A","#N/A"
16d4f87d-662e-4316-b037-1471cc494685,"#N/A","#N/A","#N/A","#N/A",true,Everything Plan,"#N/A","#N/A",Default,One per quote line,"#N/A","#N/A","#N/A",Quantity,"#N/A",false,"#N/A","#N/A","#N/A","#N/A","#N/A","#N/A","#N/A","#N/A","#N/A",false,"#N/A",false,"#N/A","#N/A",1.0,false,"#N/A",false,false,false,false,"#N/A",false,false,false,false,false,false,false,false,"#N/A",Click,false,false,false,List,"#N/A",true,"#N/A",false,"#N/A","#N/A","#N/A",List,"#N/A","#N/A",Fixed Price,"#N/A",12.0,Renewable,"#N/A",false,"#N/A","#N/A","#N/A","#N/A","#N/A","#N/A"
1af0c4e6-6fbb-4524-a007-f666c70fbd59,"#N/A","#N/A","#N/A","#N/A",false,temb|4 5,"#N/A","#N/A",Default,One per quote line,"#N/A","#N/A","#N/A",Quantity,"#N/A",false,"#N/A","#N/A","#N/A","#N/A","#N/A","#N/A","#N/A","#N/A","#N/A",false,"#N/A",false,"#N/A","#N/A",1.0,false,"#N/A",false,false,false,false,"#N/A",false,false,false,false,false,false,false,false,"#N/A",Click,false,false,false,List,"#N/A",true,"#N/A",false,"#N/A","#N/A","#N/A",List,"#N/A","#N/A","#N/A","#N/A","#N/A",Renewable,"#N/A",false,"#N/A","#N/A","#N/A","#N/A","#N/A","#N/A"
1fabbc34-caa9-4318-87f3-599c88432d88,"#N/A","#N/A","#N/A","#N/A",false,NEW RECORD,"#N/A","#N/A",Default,One per quote line,"#N/A","#N/A","#N/A",Quantity,"#N/A",false,"#N/A","#N/A","#N/A","#N/A","#N/A","#N/A","#N/A","#N/A","#N/A",false,"#N/A",false,"#N/A","#N/A",1.0,false,"#N/A",false,false,false,false,"#N/A",false,false,false,false,false,false,false,false,"#N/A",Click,false,false,false,List,"#N/A",true,"#N/A",false,"#N/A","#N/A","#N/A",List,"#N/A","#N/A","#N/A","#N/A","#N/A",Renewable,"#N/A",false,"#N/A","#N/A","#N/A","#N/A","#N/A","#N/A"
22b22d4f-3438-4c22-bd4e-e7a15fd0694a,"#N/A","#N/A","#N/A","#N/A",false,myProduct1_edit 2,"#N/A","#N/A",Default,One per quote line,"#N/A","#N/A","#N/A",Quantity,"#N/A",false,10.0,Always,"#N/A","#N/A","#N/A",Required,"#N/A","#N/A","#N/A",false,"#N/A",false,Always,"#N/A",1.0,false,List price is minimum,false,false,false,false,"#N/A",false,false,false,false,false,false,false,false,"#N/A",Add,false,false,true,Cost,"#N/A",true,"#N/A",false,"#N/A","#N/A","#N/A",List,"#N/A","#N/A","#N/A","#N/A","#N/A",Renewable,"#N/A",false,Line,"#N/A","#N/A","#N/A","#N/A","#N/A"
236edc6f-87c3-447c-8773-35c4c1dd38bf,"#N/A","#N/A","#N/A","#N/A",true,Everything Plan,"#N/A","#N/A",Default,One per quote line,"#N/A","#N/A","#N/A",Quantity,"#N/A",false,"#N/A","#N/A","#N/A","#N/A","#N/A","#N/A","#N/A","#N/A","#N/A",false,"#N/A",false,"#N/A","#N/A",1.0,false,"#N/A",false,false,false,false,"#N/A",false,false,false,false,false,false,false,false,"#N/A",Click,false,false,false,List,"#N/A",true,"#N/A",false,"#N/A","#N/A","#N/A",List,"#N/A","#N/A",Fixed Price,"#N/A",12.0,Renewable,"#N/A",false,"#N/A","#N/A","#N/A","#N/A","#N/A","#N/A"
2401756f-d8a5-4d75-8b66-7a5a4e8cb093,"#N/A","#N/A","#N/A","#N/A",false,mooverTest2,"#N/A","#N/A",Default,One per quote line,"#N/A","#N/A","#N/A",Quantity,"#N/A",false,"#N/A","#N/A","#N/A","#N/A","#N/A","#N/A","#N/A","#N/A","#N/A",false,"#N/A",false,"#N/A","#N/A",1.0,false,"#N/A",false,false,false,false,"#N/A",false,false,false,false,false,false,false,false,"#N/A",Click,false,false,false,List,"#N/A",true,"#N/A",false,"#N/A","#N/A","#N/A",List,"#N/A","#N/A","#N/A","#N/A","#N/A",Renewable,"#N/A",false,"#N/A","#N/A","#N/A","#N/A","#N/A","#N/A"
25114b1b-3395-48bb-8fc8-061348f76106,"#N/A","#N/A","#N/A","#N/A",false,FRIDAY,"#N/A","#N/A",Default,One per quote line,"#N/A","#N/A","#N/A",Quantity,"#N/A",false,"#N/A","#N/A","#N/A","#N/A","#N/A","#N/A","#N/A","#N/A","#N/A",false,"#N/A",false,"#N/A","#N/A",1.0,false,"#N/A",false,false,false,false,"#N/A",false,false,false,false,false,false,false,false,"#N/A",Click,false,false,false,List,"#N/A",true,"#N/A",false,"#N/A","#N/A","#N/A",List,"#N/A","#N/A","#N/A","#N/A","#N/A",Renewable,"#N/A",false,"#N/A","#N/A","#N/A","#N/A","#N/A","#N/A"
2722e926-0fdc-4f25-8ce5-b81d42e7dca7,"#N/A","#N/A","#N/A","#N/A",true,Everything Plan,"#N/A","#N/A",Default,One per quote line,"#N/A","#N/A","#N/A",Quantity,"#N/A",false,"#N/A","#N/A","#N/A","#N/A","#N/A","#N/A","#N/A","#N/A","#N/A",false,"#N/A",false,"#N/A","#N/A",1.0,false,"#N/A",false,false,false,false,"#N/A",false,false,false,false,false,false,false,false,"#N/A",Click,false,false,false,List,"#N/A",true,"#N/A",false,"#N/A","#N/A","#N/A",List,"#N/A","#N/A",Fixed Price,"#N/A",12.0,Renewable,"#N/A",false,"#N/A","#N/A","#N/A","#N/A","#N/A","#N/A"
2759be32-334f-41c1-8533-33e30aba6f36,"#N/A","#N/A","#N/A","#N/A",false,iTravel® | Additional Language,"#N/A","#N/A",Default,One per quote line,"#N/A","#N/A","#N/A",Quantity,"#N/A",false,"#N/A","#N/A","#N/A","#N/A","#N/A","#N/A","#N/A","#N/A","#N/A",false,"#N/A",false,"#N/A","#N/A",1.0,false,"#N/A",false,false,false,false,"#N/A",false,false,false,false,false,false,false,false,"#N/A",Click,false,false,false,List,"#N/A",true,"#N/A",false,"#N/A","#N/A","#N/A",List,"#N/A","#N/A","#N/A","#N/A","#N/A",Renewable,"#N/A",false,"#N/A","#N/A","#N/A","#N/A","#N/A","#N/A"
27a126b3-d18e-4261-8765-1e261baeb28e,"#N/A","#N/A","#N/A","#N/A",false,mooverTest2,"#N/A","#N/A",Default,One per quote line,"#N/A","#N/A","#N/A",Quantity,"#N/A",false,"#N/A","#N/A","#N/A","#N/A","#N/A","#N/A","#N/A","#N/A","#N/A",false,"#N/A",false,"#N/A","#N/A",1.0,false,"#N/A",false,false,false,false,"#N/A",false,false,false,false,false,false,false,false,"#N/A",Click,false,false,false,List,"#N/A",true,"#N/A",false,"#N/A","#N/A","#N/A",List,"#N/A","#N/A","#N/A","#N/A","#N/A",Renewable,"#N/A",false,"#N/A","#N/A","#N/A","#N/A","#N/A","#N/A"
3365f92d-ac25-4f85-8f91-5a31a918855b,"#N/A","#N/A","#N/A","#N/A",false,test3,"#N/A","#N/A",Default,One per quote line,"#N/A","#N/A","#N/A",Quantity,"#N/A",false,"#N/A","#N/A","#N/A","#N/A","#N/A","#N/A","#N/A","#N/A","#N/A",false,"#N/A",false,"#N/A","#N/A",1.0,false,"#N/A",false,false,false,false,"#N/A",false,false,false,false,false,false,false,false,"#N/A",Click,false,false,false,List,"#N/A",true,"#N/A",false,"#N/A","#N/A","#N/A",List,"#N/A","#N/A","#N/A","#N/A","#N/A",Renewable,"#N/A",false,"#N/A","#N/A","#N/A","#N/A","#N/A","#N/A"
33754aeb-b23c-4ec1-b077-b794b40fd040,"#N/A","#N/A","#N/A","#N/A",false,skipInstertTest,"#N/A","#N/A",Default,One per quote line,"#N/A","#N/A","#N/A",Quantity,"#N/A",false,"#N/A","#N/A","#N/A","#N/A","#N/A","#N/A","#N/A","#N/A","#N/A",false,"#N/A",false,"#N/A","#N/A",1.0,false,"#N/A",false,false,false,false,"#N/A",false,false,false,false,false,false,false,false,"#N/A",Click,false,false,false,List,"#N/A",true,"#N/A",false,"#N/A","#N/A","#N/A",List,"#N/A","#N/A","#N/A","#N/A","#N/A",Renewable,"#N/A",false,"#N/A","#N/A","#N/A","#N/A","#N/A","#N/A"
3ab4ff46-e698-4319-8204-0b06bb3f4b73,"#N/A","#N/A","#N/A",None,true,Prod New 22222,123abcd,"#N/A",Allow Refund,One per quote line,"#N/A","#N/A","#N/A",Quantity,"#N/A",true,12.0,Always,"#N/A","#N/A","#N/A",Required,"#N/A","#N/A","#N/A",false,"#N/A",false,"#N/A","#N/A",100.0,false,"#N/A",false,false,true,false,"#N/A",false,false,false,true,false,false,false,false,Tabs,Click,false,false,false,List,"#N/A",true,"#N/A",false,"#N/A",12.0,<p>spec here</p>,List,"#N/A","#N/A","#N/A","#N/A","#N/A",Renewable,"#N/A",false,"#N/A","#N/A","#N/A","#N/A","#N/A","#N/A"
3c011c34-292e-4721-8c73-3f1f572c9fdb,"#N/A","#N/A","#N/A","#N/A",false,iTravel® | Additional Language,"#N/A","#N/A",Default,One per quote line,"#N/A","#N/A","#N/A",Quantity,"#N/A",false,"#N/A","#N/A","#N/A","#N/A","#N/A","#N/A","#N/A","#N/A","#N/A",false,"#N/A",false,"#N/A","#N/A",1.0,false,"#N/A",false,false,false,false,"#N/A",false,false,false,false,false,false,false,false,"#N/A",Click,false,false,false,List,"#N/A",true,"#N/A",false,"#N/A","#N/A","#N/A",List,"#N/A","#N/A","#N/A","#N/A","#N/A",Renewable,"#N/A",false,"#N/A","#N/A","#N/A","#N/A","#N/A","#N/A"
3cdcfa94-fa97-4ed8-ae47-149b76753b19,"#N/A","#N/A","#N/A","#N/A",false,test3,"#N/A","#N/A",Default,One per quote line,"#N/A","#N/A","#N/A",Quantity,"#N/A",false,"#N/A","#N/A","#N/A","#N/A","#N/A","#N/A","#N/A","#N/A","#N/A",false,"#N/A",false,"#N/A","#N/A",1.0,false,"#N/A",false,false,false,false,"#N/A",false,false,false,false,false,false,false,false,"#N/A",Click,false,false,false,List,"#N/A",true,"#N/A",false,"#N/A","#N/A","#N/A",List,"#N/A","#N/A","#N/A","#N/A","#N/A",Renewable,"#N/A",false,"#N/A","#N/A","#N/A","#N/A","#N/A","#N/A"
3f46b319-d88c-41c7-af1f-cbb8b5daba98,"#N/A","#N/A","#N/A","#N/A",false,myProduct_edit,"#N/A","#N/A",Default,One per quote line,"#N/A","#N/A","#N/A",Quantity,"#N/A",false,"#N/A","#N/A","#N/A","#N/A","#N/A","#N/A","#N/A","#N/A","#N/A",false,"#N/A",false,"#N/A","#N/A",1.0,false,"#N/A",false,false,false,false,"#N/A",false,false,false,false,false,false,false,false,"#N/A",Click,false,false,false,List,"#N/A",true,"#N/A",false,"#N/A","#N/A","#N/A",List,"#N/A","#N/A","#N/A","#N/A","#N/A",Renewable,"#N/A",false,"#N/A","#N/A","#N/A","#N/A","#N/A","#N/A"
457d29db-44ca-43c0-b3d8-d5d8394d2950,"#N/A","#N/A","#N/A",None,true,Prod New 22222,123abcd,"#N/A",Allow Refund,One per quote line,"#N/A","#N/A","#N/A",Quantity,"#N/A",true,12.0,Always,"#N/A","#N/A","#N/A",Required,"#N/A","#N/A","#N/A",false,"#N/A",false,"#N/A","#N/A",100.0,false,"#N/A",false,false,true,false,"#N/A",false,false,false,true,false,false,false,false,Tabs,Click,false,false,false,List,"#N/A",true,"#N/A",false,"#N/A",12.0,<p>spec here</p>,List,"#N/A","#N/A","#N/A","#N/A","#N/A",Renewable,"#N/A",false,"#N/A","#N/A","#N/A","#N/A","#N/A","#N/A"
4633e912-2de4-4b11-a468-366dd70053a9,"#N/A","#N/A","#N/A","#N/A",true,Everything Plan,"#N/A","#N/A",Default,One per quote line,"#N/A","#N/A","#N/A",Quantity,"#N/A",false,"#N/A","#N/A","#N/A","#N/A","#N/A","#N/A","#N/A","#N/A","#N/A",false,"#N/A",false,"#N/A","#N/A",1.0,false,"#N/A",false,false,false,false,"#N/A",false,false,false,false,false,false,false,false,"#N/A",Click,false,false,false,List,"#N/A",true,"#N/A",false,"#N/A","#N/A","#N/A",List,"#N/A","#N/A",Fixed Price,"#N/A",12.0,Renewable,"#N/A",false,"#N/A","#N/A","#N/A","#N/A","#N/A","#N/A"
486a4a59-55de-4662-9cc4-c8905df36778,"#N/A","#N/A","#N/A","#N/A",false,mooverTest1,"#N/A","#N/A",Default,One per quote line,"#N/A","#N/A","#N/A",Quantity,"#N/A",false,"#N/A","#N/A","#N/A","#N/A","#N/A","#N/A","#N/A","#N/A","#N/A",false,"#N/A",false,"#N/A","#N/A",1.0,false,"#N/A",false,false,false,false,"#N/A",false,false,false,false,false,false,false,false,"#N/A",Click,false,false,false,List,"#N/A",true,"#N/A",false,"#N/A","#N/A","#N/A",List,"#N/A","#N/A","#N/A","#N/A","#N/A",Renewable,"#N/A",false,"#N/A","#N/A","#N/A","#N/A","#N/A","#N/A"
4ed8e79a-ab7b-4cab-a489-2839f80f4b1f,"#N/A","#N/A","#N/A","#N/A",false,mooverTest,"#N/A","#N/A",Default,One per quote line,"#N/A","#N/A","#N/A",Quantity,"#N/A",false,"#N/A","#N/A","#N/A","#N/A","#N/A","#N/A","#N/A","#N/A","#N/A",false,"#N/A",false,"#N/A","#N/A",1.0,false,"#N/A",false,false,false,false,"#N/A",false,false,false,false,false,false,false,false,"#N/A",Click,false,false,false,List,"#N/A",true,"#N/A",false,"#N/A","#N/A","#N/A",List,"#N/A","#N/A","#N/A","#N/A","#N/A",Renewable,"#N/A",false,"#N/A","#N/A","#N/A","#N/A","#N/A","#N/A"
4f881cc9-8907-4494-8481-0b70089f3bbf,"#N/A","#N/A","#N/A","#N/A",false,test,"#N/A","#N/A",Default,One per quote line,"#N/A","#N/A","#N/A",Quantity,"#N/A",false,"#N/A","#N/A","#N/A","#N/A","#N/A","#N/A","#N/A","#N/A","#N/A",false,"#N/A",false,"#N/A","#N/A",1.0,false,"#N/A",false,false,false,false,"#N/A",false,false,false,false,false,false,false,false,"#N/A",Click,false,false,false,List,"#N/A",true,"#N/A",false,"#N/A","#N/A","#N/A",List,"#N/A","#N/A","#N/A","#N/A","#N/A",Renewable,"#N/A",false,"#N/A","#N/A","#N/A","#N/A","#N/A","#N/A"
52837c69-26a9-44a3-8073-130b33500fbe,"#N/A","#N/A","#N/A","#N/A",false,mooverTest,"#N/A","#N/A",Default,One per quote line,"#N/A","#N/A","#N/A",Quantity,"#N/A",false,"#N/A","#N/A","#N/A","#N/A","#N/A","#N/A","#N/A","#N/A","#N/A",false,"#N/A",false,"#N/A","#N/A",1.0,false,"#N/A",false,false,false,false,"#N/A",false,false,false,false,false,false,false,false,"#N/A",Click,false,false,false,List,"#N/A",true,"#N/A",false,"#N/A","#N/A","#N/A",List,"#N/A","#N/A","#N/A","#N/A","#N/A",Renewable,"#N/A",false,"#N/A","#N/A","#N/A","#N/A","#N/A","#N/A"
53bb97ba-5a42-4809-99f6-56400b0fe0f7,"#N/A","#N/A","#N/A","#N/A",false,FULL_FLOW_TEST_123456,"#N/A","#N/A",Default,One per quote line,"#N/A","#N/A","#N/A",Quantity,"#N/A",false,"#N/A","#N/A","#N/A","#N/A","#N/A","#N/A","#N/A","#N/A","#N/A",false,"#N/A",false,"#N/A","#N/A",1.0,false,"#N/A",false,false,false,false,"#N/A",false,false,false,false,false,false,false,false,"#N/A",Click,false,false,false,List,"#N/A",true,"#N/A",false,"#N/A","#N/A","#N/A",List,"#N/A","#N/A","#N/A","#N/A","#N/A",Renewable,"#N/A",false,"#N/A","#N/A","#N/A","#N/A","#N/A","#N/A"
56a3d093-c73f-48db-b227-2e927a9bedae,"#N/A","#N/A","#N/A","#N/A",false,myProduct,"#N/A","#N/A",Default,One per quote line,"#N/A","#N/A","#N/A",Quantity,"#N/A",false,"#N/A","#N/A","#N/A","#N/A","#N/A","#N/A","#N/A","#N/A","#N/A",false,"#N/A",false,"#N/A","#N/A",1.0,false,"#N/A",false,false,false,false,"#N/A",false,false,false,false,false,false,false,false,"#N/A",Click,false,false,false,List,"#N/A",true,"#N/A",false,"#N/A","#N/A","#N/A",List,"#N/A","#N/A","#N/A","#N/A","#N/A",Renewable,"#N/A",false,"#N/A","#N/A","#N/A","#N/A","#N/A","#N/A"
5ef8248d-f619-4b22-89f1-abc6422abf9f,"#N/A","#N/A","#N/A","#N/A",false,mooverTest1,"#N/A","#N/A",Default,One per quote line,"#N/A","#N/A","#N/A",Quantity,"#N/A",false,"#N/A","#N/A","#N/A","#N/A","#N/A","#N/A","#N/A","#N/A","#N/A",false,"#N/A",false,"#N/A","#N/A",1.0,false,"#N/A",false,false,false,false,"#N/A",false,false,false,false,false,false,false,false,"#N/A",Click,false,false,false,List,"#N/A",true,"#N/A",false,"#N/A","#N/A","#N/A",List,"#N/A","#N/A","#N/A","#N/A","#N/A",Renewable,"#N/A",false,"#N/A","#N/A","#N/A","#N/A","#N/A","#N/A"
5fe983e5-bd42-4ff7-9a52-f60271cd07c1,"#N/A","#N/A","#N/A","#N/A",false,MarkTest1,"#N/A","#N/A",Default,One per quote line,"#N/A","#N/A","#N/A",Quantity,"#N/A",false,"#N/A","#N/A","#N/A","#N/A","#N/A","#N/A","#N/A","#N/A","#N/A",false,"#N/A",false,"#N/A","#N/A",1.0,false,"#N/A",false,false,false,false,"#N/A",false,false,false,false,false,false,false,false,"#N/A",Click,false,false,false,List,"#N/A",true,"#N/A",false,"#N/A","#N/A","#N/A",List,"#N/A","#N/A","#N/A","#N/A","#N/A",Renewable,"#N/A",false,"#N/A","#N/A","#N/A","#N/A","#N/A","#N/A"
65f82321-2b56-442f-8c25-f9289aad8e9c,"#N/A","#N/A","#N/A","#N/A",false,mooverTest1,"#N/A","#N/A",Default,One per quote line,"#N/A","#N/A","#N/A",Quantity,"#N/A",false,"#N/A","#N/A","#N/A","#N/A","#N/A","#N/A","#N/A","#N/A","#N/A",false,"#N/A",false,"#N/A","#N/A",1.0,false,"#N/A",false,false,false,false,"#N/A",false,false,false,false,false,false,false,false,"#N/A",Click,false,false,false,List,"#N/A",true,"#N/A",false,"#N/A","#N/A","#N/A",List,"#N/A","#N/A","#N/A","#N/A","#N/A",Renewable,"#N/A",false,"#N/A","#N/A","#N/A","#N/A","#N/A","#N/A"
68da0d15-c4f4-4b74-a3ab-56907ce49e81,"#N/A","#N/A","#N/A","#N/A",false,MarkTest1,"#N/A","#N/A",Default,One per quote line,"#N/A","#N/A","#N/A",Quantity,"#N/A",false,"#N/A","#N/A","#N/A","#N/A","#N/A","#N/A","#N/A","#N/A","#N/A",false,"#N/A",false,"#N/A","#N/A",1.0,false,"#N/A",false,false,false,false,"#N/A",false,false,false,false,false,false,false,false,"#N/A",Click,false,false,false,List,"#N/A",true,"#N/A",false,"#N/A","#N/A","#N/A",List,"#N/A","#N/A","#N/A","#N/A","#N/A",Renewable,"#N/A",false,"#N/A","#N/A","#N/A","#N/A","#N/A","#N/A"
6c528b00-be20-4100-85d5-e1238f346fa0,"#N/A","#N/A","#N/A","#N/A",false,mooverTest,"#N/A","#N/A",Default,One per quote line,"#N/A","#N/A","#N/A",Quantity,"#N/A",false,"#N/A","#N/A","#N/A","#N/A","#N/A","#N/A","#N/A","#N/A","#N/A",false,"#N/A",false,"#N/A","#N/A",1.0,false,"#N/A",false,false,false,false,"#N/A",false,false,false,false,false,false,false,false,"#N/A",Click,false,false,false,List,"#N/A",true,"#N/A",false,"#N/A","#N/A","#N/A",List,"#N/A","#N/A","#N/A","#N/A","#N/A",Renewable,"#N/A",false,"#N/A","#N/A","#N/A","#N/A","#N/A","#N/A"
6cebd74d-680c-4e7a-996f-c6786b04d69c,"#N/A","#N/A","#N/A","#N/A",false,mooverTest2,"#N/A","#N/A",Default,One per quote line,"#N/A","#N/A","#N/A",Quantity,"#N/A",false,"#N/A","#N/A","#N/A","#N/A","#N/A","#N/A","#N/A","#N/A","#N/A",false,"#N/A",false,"#N/A","#N/A",1.0,false,"#N/A",false,false,false,false,"#N/A",false,false,false,false,false,false,false,false,"#N/A",Click,false,false,false,List,"#N/A",true,"#N/A",false,"#N/A","#N/A","#N/A",List,"#N/A","#N/A","#N/A","#N/A","#N/A",Renewable,"#N/A",false,"#N/A","#N/A","#N/A","#N/A","#N/A","#N/A"
7286b6ff-2c3d-4a18-bbb1-1f31685f4461,"#N/A","#N/A","#N/A","#N/A",false,test,"#N/A","#N/A",Default,One per quote line,"#N/A","#N/A","#N/A",Quantity,"#N/A",false,"#N/A","#N/A","#N/A","#N/A","#N/A","#N/A","#N/A","#N/A","#N/A",false,"#N/A",false,"#N/A","#N/A",1.0,false,"#N/A",false,false,false,false,"#N/A",false,false,false,false,false,false,false,false,"#N/A",Click,false,false,false,List,"#N/A",true,"#N/A",false,"#N/A","#N/A","#N/A",List,"#N/A","#N/A","#N/A","#N/A","#N/A",Renewable,"#N/A",false,"#N/A","#N/A","#N/A","#N/A","#N/A","#N/A"
78c8787c-3e96-49d8-8056-52bc6fd22851,"#N/A","#N/A","#N/A","#N/A",false,myProduct_edit,"#N/A","#N/A",Default,One per quote line,"#N/A","#N/A","#N/A",Quantity,"#N/A",false,"#N/A","#N/A","#N/A","#N/A","#N/A","#N/A","#N/A","#N/A","#N/A",false,"#N/A",false,"#N/A","#N/A",1.0,false,"#N/A",false,false,false,false,"#N/A",false,false,false,false,false,false,false,false,"#N/A",Click,false,false,false,List,"#N/A",true,"#N/A",false,"#N/A","#N/A","#N/A",List,"#N/A","#N/A","#N/A","#N/A","#N/A",Renewable,"#N/A",false,"#N/A","#N/A","#N/A","#N/A","#N/A","#N/A"
793ac0a3-90c5-4655-be22-8b79b18726fb,"#N/A","#N/A","#N/A","#N/A",false,myProduct1_edit 2,"#N/A","#N/A",Default,One per quote line,"#N/A","#N/A","#N/A",Quantity,"#N/A",false,10.0,Always,"#N/A","#N/A","#N/A",Required,"#N/A","#N/A","#N/A",false,"#N/A",false,Always,"#N/A",1.0,false,List price is minimum,false,false,false,false,"#N/A",false,false,false,false,false,false,false,false,"#N/A",Add,false,false,true,Cost,"#N/A",true,"#N/A",false,"#N/A","#N/A","#N/A",List,"#N/A","#N/A","#N/A","#N/A","#N/A",Renewable,"#N/A",false,Line,"#N/A","#N/A","#N/A","#N/A","#N/A"
7979e7fc-5827-4215-ad8b-d74b0a4a73fd,"#N/A","#N/A","#N/A","#N/A",false,2,"#N/A","#N/A",Default,One per quote line,"#N/A","#N/A","#N/A",Quantity,"#N/A",false,"#N/A","#N/A","#N/A","#N/A","#N/A","#N/A","#N/A","#N/A","#N/A",false,"#N/A",false,"#N/A","#N/A",1.0,false,"#N/A",false,false,false,false,"#N/A",false,false,false,false,false,false,false,false,"#N/A",Click,false,false,false,List,"#N/A",true,"#N/A",false,"#N/A","#N/A","#N/A",List,"#N/A","#N/A","#N/A","#N/A","#N/A",Renewable,"#N/A",false,"#N/A","#N/A","#N/A","#N/A","#N/A","#N/A"
7b0af7ce-2e74-4ebb-881f-d8316becc0f9,"#N/A","#N/A","#N/A","#N/A",false,NEW RECORD,"#N/A","#N/A",Default,One per quote line,"#N/A","#N/A","#N/A",Quantity,"#N/A",false,"#N/A","#N/A","#N/A","#N/A","#N/A","#N/A","#N/A","#N/A","#N/A",false,"#N/A",false,"#N/A","#N/A",1.0,false,"#N/A",false,false,false,false,"#N/A",false,false,false,false,false,false,false,false,"#N/A",Click,false,false,false,List,"#N/A",true,"#N/A",false,"#N/A","#N/A","#N/A",List,"#N/A","#N/A","#N/A","#N/A","#N/A",Renewable,"#N/A",false,"#N/A","#N/A","#N/A","#N/A","#N/A","#N/A"
7c369847-62a6-4b38-b875-4977a26dfd66,"#N/A","#N/A","#N/A","#N/A",false,FRIDAY,"#N/A","#N/A",Default,One per quote line,"#N/A","#N/A","#N/A",Quantity,"#N/A",false,"#N/A","#N/A","#N/A","#N/A","#N/A","#N/A","#N/A","#N/A","#N/A",false,"#N/A",false,"#N/A","#N/A",1.0,false,"#N/A",false,false,false,false,"#N/A",false,false,false,false,false,false,false,false,"#N/A",Click,false,false,false,List,"#N/A",true,"#N/A",false,"#N/A","#N/A","#N/A",List,"#N/A","#N/A","#N/A","#N/A","#N/A",Renewable,"#N/A",false,"#N/A","#N/A","#N/A","#N/A","#N/A","#N/A"
7e786b5f-dbac-4709-9b7e-de971fb89f4a,"#N/A","#N/A","#N/A","#N/A",false,myProduct,"#N/A","#N/A",Default,One per quote line,"#N/A","#N/A","#N/A",Quantity,"#N/A",false,"#N/A","#N/A","#N/A","#N/A","#N/A","#N/A","#N/A","#N/A","#N/A",false,"#N/A",false,"#N/A","#N/A",1.0,false,"#N/A",false,false,false,false,"#N/A",false,false,false,false,false,false,false,false,"#N/A",Click,false,false,false,List,"#N/A",true,"#N/A",false,"#N/A","#N/A","#N/A",List,"#N/A","#N/A","#N/A","#N/A","#N/A",Renewable,"#N/A",false,"#N/A","#N/A","#N/A","#N/A","#N/A","#N/A"
83501064-80df-4e14-81d9-66fb2548501e,"#N/A","#N/A","#N/A","#N/A",false,test1,"#N/A","#N/A",Default,One per quote line,"#N/A","#N/A","#N/A",Quantity,"#N/A",false,"#N/A","#N/A","#N/A","#N/A","#N/A","#N/A","#N/A","#N/A","#N/A",false,"#N/A",false,"#N/A","#N/A",1.0,false,"#N/A",false,false,false,false,"#N/A",false,false,false,false,false,false,false,false,"#N/A",Click,false,false,false,List,"#N/A",true,"#N/A",false,"#N/A","#N/A","#N/A",List,"#N/A","#N/A","#N/A","#N/A","#N/A",Renewable,"#N/A",false,"#N/A","#N/A","#N/A","#N/A","#N/A","#N/A"
8ca7f66d-c69f-4f2e-950e-a6f2f1754962,"#N/A","#N/A","#N/A","#N/A",false,test2,"#N/A","#N/A",Default,One per quote line,"#N/A","#N/A","#N/A",Quantity,"#N/A",false,"#N/A","#N/A","#N/A","#N/A","#N/A","#N/A","#N/A","#N/A","#N/A",false,"#N/A",false,"#N/A","#N/A",1.0,false,"#N/A",false,false,false,false,"#N/A",false,false,false,false,false,false,false,false,"#N/A",Click,false,false,false,List,"#N/A",true,"#N/A",false,"#N/A","#N/A","#N/A",List,"#N/A","#N/A","#N/A","#N/A","#N/A",Renewable,"#N/A",false,"#N/A","#N/A","#N/A","#N/A","#N/A","#N/A"
8d0524c2-60d6-4330-acf5-86e8c43d59a3,"#N/A","#N/A","#N/A","#N/A",false,TEST,"#N/A","#N/A",Default,One per quote line,"#N/A","#N/A","#N/A",Quantity,"#N/A",false,"#N/A","#N/A","#N/A","#N/A","#N/A","#N/A","#N/A","#N/A","#N/A",false,"#N/A",false,"#N/A","#N/A",1.0,false,"#N/A",false,false,false,false,"#N/A",false,false,false,false,false,false,false,false,"#N/A",Click,false,false,false,List,"#N/A",true,"#N/A",false,"#N/A","#N/A","#N/A",List,"#N/A","#N/A","#N/A","#N/A","#N/A",Renewable,"#N/A",false,"#N/A","#N/A","#N/A","#N/A","#N/A","#N/A"
921e3854-1fa1-4dba-897e-9f09ec29ccaa,"#N/A","#N/A","#N/A",None,true,Prod New 22222,123abcd,"#N/A",Allow Refund,One per quote line,"#N/A","#N/A","#N/A",Quantity,"#N/A",true,12.0,Always,"#N/A","#N/A","#N/A",Required,"#N/A","#N/A","#N/A",false,"#N/A",false,"#N/A","#N/A",100.0,false,"#N/A",false,false,true,false,"#N/A",false,false,false,true,false,false,false,false,Tabs,Click,false,false,false,List,"#N/A",true,"#N/A",false,"#N/A",12.0,<p>spec here</p>,List,"#N/A","#N/A","#N/A","#N/A","#N/A",Renewable,"#N/A",false,"#N/A","#N/A","#N/A","#N/A","#N/A","#N/A"
927681d5-773c-4741-9bf6-3c781b874818,"#N/A","#N/A","#N/A","#N/A",false,AAAAAAAAAAAAAAAAAAAAAAAAAAA,"#N/A","#N/A",Default,One per quote line,"#N/A","#N/A","#N/A",Quantity,"#N/A",false,"#N/A","#N/A","#N/A","#N/A","#N/A","#N/A","#N/A","#N/A","#N/A",false,"#N/A",false,"#N/A","#N/A",1.0,false,"#N/A",false,false,false,false,"#N/A",false,false,false,false,false,false,false,false,"#N/A",Click,false,false,false,List,"#N/A",true,"#N/A",false,"#N/A","#N/A","#N/A",List,"#N/A","#N/A","#N/A","#N/A","#N/A",Renewable,"#N/A",false,"#N/A","#N/A","#N/A","#N/A","#N/A","#N/A"
978903d2-24fa-45ba-b153-2fc693335cef,"#N/A","#N/A","#N/A","#N/A",false,1,"#N/A","#N/A",Default,One per quote line,"#N/A","#N/A","#N/A",Quantity,"#N/A",false,"#N/A","#N/A","#N/A","#N/A","#N/A","#N/A","#N/A","#N/A","#N/A",false,"#N/A",false,"#N/A","#N/A",1.0,false,"#N/A",false,false,false,false,"#N/A",false,false,false,false,false,false,false,false,"#N/A",Click,false,false,false,List,"#N/A",true,"#N/A",false,"#N/A","#N/A","#N/A",List,"#N/A","#N/A","#N/A","#N/A","#N/A",Renewable,"#N/A",false,"#N/A","#N/A","#N/A","#N/A","#N/A","#N/A"
9866634c-5b82-4e59-83bd-3d70d08479bf,"#N/A","#N/A","#N/A","#N/A",false,TEST,"#N/A","#N/A",Default,One per quote line,"#N/A","#N/A","#N/A",Quantity,"#N/A",false,"#N/A","#N/A","#N/A","#N/A","#N/A","#N/A","#N/A","#N/A","#N/A",false,"#N/A",false,"#N/A","#N/A",1.0,false,"#N/A",false,false,false,false,"#N/A",false,false,false,false,false,false,false,false,"#N/A",Click,false,false,false,List,"#N/A",true,"#N/A",false,"#N/A","#N/A","#N/A",List,"#N/A","#N/A","#N/A","#N/A","#N/A",Renewable,"#N/A",false,"#N/A","#N/A","#N/A","#N/A","#N/A","#N/A"
9a35a1b3-3ae6-4a57-a0eb-6dacbed1870c,"#N/A","#N/A","#N/A","#N/A",false,MarkTest1,"#N/A","#N/A",Default,One per quote line,"#N/A","#N/A","#N/A",Quantity,"#N/A",false,"#N/A","#N/A","#N/A","#N/A","#N/A","#N/A","#N/A","#N/A","#N/A",false,"#N/A",false,"#N/A","#N/A",1.0,false,"#N/A",false,false,false,false,"#N/A",false,false,false,false,false,false,false,false,"#N/A",Click,false,false,false,List,"#N/A",true,"#N/A",false,"#N/A","#N/A","#N/A",List,"#N/A","#N/A","#N/A","#N/A","#N/A",Renewable,"#N/A",false,"#N/A","#N/A","#N/A","#N/A","#N/A","#N/A"
9b6c5863-517f-4caf-b6a2-6e05d4190106,"#N/A","#N/A","#N/A","#N/A",false,test2,"#N/A","#N/A",Default,One per quote line,"#N/A","#N/A","#N/A",Quantity,"#N/A",false,"#N/A","#N/A","#N/A","#N/A","#N/A","#N/A","#N/A","#N/A","#N/A",false,"#N/A",false,"#N/A","#N/A",1.0,false,"#N/A",false,false,false,false,"#N/A",false,false,false,false,false,false,false,false,"#N/A",Click,false,false,false,List,"#N/A",true,"#N/A",false,"#N/A","#N/A","#N/A",List,"#N/A","#N/A","#N/A","#N/A","#N/A",Renewable,"#N/A",false,"#N/A","#N/A","#N/A","#N/A","#N/A","#N/A"
9c28e309-34f4-4393-8024-7d508b68c115,"#N/A","#N/A","#N/A","#N/A",false,mooverTest,"#N/A","#N/A",Default,One per quote line,"#N/A","#N/A","#N/A",Quantity,"#N/A",false,"#N/A","#N/A","#N/A","#N/A","#N/A","#N/A","#N/A","#N/A","#N/A",false,"#N/A",false,"#N/A","#N/A",1.0,false,"#N/A",false,false,false,false,"#N/A",false,false,false,false,false,false,false,false,"#N/A",Click,false,false,false,List,"#N/A",true,"#N/A",false,"#N/A","#N/A","#N/A",List,"#N/A","#N/A","#N/A","#N/A","#N/A",Renewable,"#N/A",false,"#N/A","#N/A","#N/A","#N/A","#N/A","#N/A"
a18ebbd0-bd3f-4172-b0ab-e704ce816100,"#N/A","#N/A","#N/A","#N/A",false,testtttttttttttttttttttttttttttt,"#N/A","#N/A",Default,One per quote line,"#N/A","#N/A","#N/A",Quantity,"#N/A",false,"#N/A","#N/A","#N/A","#N/A","#N/A","#N/A","#N/A","#N/A","#N/A",false,"#N/A",false,"#N/A","#N/A",1.0,false,"#N/A",false,false,false,false,"#N/A",false,false,false,false,false,false,false,false,"#N/A",Click,false,false,false,List,"#N/A",true,"#N/A",false,"#N/A","#N/A","#N/A",List,"#N/A","#N/A","#N/A","#N/A","#N/A",Renewable,"#N/A",false,"#N/A","#N/A","#N/A","#N/A","#N/A","#N/A"
a5fd4480-176a-4c5f-b6a3-0638d37c8d43,"#N/A","#N/A","#N/A","#N/A",false,iTravel® | Additional Language,"#N/A","#N/A",Default,One per quote line,"#N/A","#N/A","#N/A",Quantity,"#N/A",false,"#N/A","#N/A","#N/A","#N/A","#N/A","#N/A","#N/A","#N/A","#N/A",false,"#N/A",false,"#N/A","#N/A",1.0,false,"#N/A",false,false,false,false,"#N/A",false,false,false,false,false,false,false,false,"#N/A",Click,false,false,false,List,"#N/A",true,"#N/A",false,"#N/A","#N/A","#N/A",List,"#N/A","#N/A","#N/A","#N/A","#N/A",Renewable,"#N/A",false,"#N/A","#N/A","#N/A","#N/A","#N/A","#N/A"
a60272c5-0cc9-42f9-8e93-def0aa9d1014,"#N/A","#N/A","#N/A","#N/A",true,Everything Plan,"#N/A","#N/A",Default,One per quote line,"#N/A","#N/A","#N/A",Quantity,"#N/A",false,"#N/A","#N/A","#N/A","#N/A","#N/A","#N/A","#N/A","#N/A","#N/A",false,"#N/A",false,"#N/A","#N/A",1.0,false,"#N/A",false,false,false,false,"#N/A",false,false,false,false,false,false,false,false,"#N/A",Click,false,false,false,List,"#N/A",true,"#N/A",false,"#N/A","#N/A","#N/A",List,"#N/A","#N/A",Fixed Price,"#N/A",12.0,Renewable,"#N/A",false,"#N/A","#N/A","#N/A","#N/A","#N/A","#N/A"
a6e93d43-a506-47b4-b854-ba95f73a5ed9,"#N/A","#N/A","#N/A","#N/A",false,myProduct_edit,"#N/A","#N/A",Default,One per quote line,"#N/A","#N/A","#N/A",Quantity,"#N/A",false,"#N/A","#N/A","#N/A","#N/A","#N/A","#N/A","#N/A","#N/A","#N/A",false,"#N/A",false,"#N/A","#N/A",1.0,false,"#N/A",false,false,false,false,"#N/A",false,false,false,false,false,false,false,false,"#N/A",Click,false,false,false,List,"#N/A",true,"#N/A",false,"#N/A","#N/A","#N/A",List,"#N/A","#N/A","#N/A","#N/A","#N/A",Renewable,"#N/A",false,"#N/A","#N/A","#N/A","#N/A","#N/A","#N/A"
aa34f780-a6c4-4f64-9ac3-4d2ce4a9b5c3,"#N/A","#N/A","#N/A","#N/A",false,mooverTest2,"#N/A","#N/A",Default,One per quote line,"#N/A","#N/A","#N/A",Quantity,"#N/A",false,"#N/A","#N/A","#N/A","#N/A","#N/A","#N/A","#N/A","#N/A","#N/A",false,"#N/A",false,"#N/A","#N/A",1.0,false,"#N/A",false,false,false,false,"#N/A",false,false,false,false,false,false,false,false,"#N/A",Click,false,false,false,List,"#N/A",true,"#N/A",false,"#N/A","#N/A","#N/A",List,"#N/A","#N/A","#N/A","#N/A","#N/A",Renewable,"#N/A",false,"#N/A","#N/A","#N/A","#N/A","#N/A","#N/A"
aaca1e7a-11d5-4df8-8aa6-cee69742639a,"#N/A","#N/A","#N/A","#N/A",false,iTravel® | Additional Language,"#N/A","#N/A",Default,One per quote line,"#N/A","#N/A","#N/A",Quantity,"#N/A",false,"#N/A","#N/A","#N/A","#N/A","#N/A","#N/A","#N/A","#N/A","#N/A",false,"#N/A",false,"#N/A","#N/A",1.0,false,"#N/A",false,false,false,false,"#N/A",false,false,false,false,false,false,false,false,"#N/A",Click,false,false,false,List,"#N/A",true,"#N/A",false,"#N/A","#N/A","#N/A",List,"#N/A","#N/A","#N/A","#N/A","#N/A",Renewable,"#N/A",false,"#N/A","#N/A","#N/A","#N/A","#N/A","#N/A"
abb74852-59fa-4954-a2c7-f152a458e7c7,"#N/A","#N/A","#N/A","#N/A",false,myProduct_EDIT,"#N/A","#N/A",Default,One per quote line,"#N/A","#N/A","#N/A",Quantity,"#N/A",false,"#N/A","#N/A","#N/A","#N/A","#N/A","#N/A","#N/A","#N/A","#N/A",false,"#N/A",false,"#N/A","#N/A",1.0,false,"#N/A",false,false,false,false,"#N/A",false,false,false,false,false,false,false,false,"#N/A",Click,false,false,false,List,"#N/A",true,"#N/A",false,"#N/A","#N/A","#N/A",List,"#N/A","#N/A","#N/A","#N/A","#N/A",Renewable,"#N/A",false,"#N/A","#N/A","#N/A","#N/A","#N/A","#N/A"
b0ad7d73-173f-4662-8132-0b3c83e7c872,"#N/A","#N/A","#N/A","#N/A",false,mooverTest1,"#N/A","#N/A",Default,One per quote line,"#N/A","#N/A","#N/A",Quantity,"#N/A",false,"#N/A","#N/A","#N/A","#N/A","#N/A","#N/A","#N/A","#N/A","#N/A",false,"#N/A",false,"#N/A","#N/A",1.0,false,"#N/A",false,false,false,false,"#N/A",false,false,false,false,false,false,false,false,"#N/A",Click,false,false,false,List,"#N/A",true,"#N/A",false,"#N/A","#N/A","#N/A",List,"#N/A","#N/A","#N/A","#N/A","#N/A",Renewable,"#N/A",false,"#N/A","#N/A","#N/A","#N/A","#N/A","#N/A"
b0dbe271-cb67-4df4-89d5-fb38a3564653,"#N/A","#N/A","#N/A","#N/A",false,NEW RECORD,"#N/A","#N/A",Default,One per quote line,"#N/A","#N/A","#N/A",Quantity,"#N/A",false,"#N/A","#N/A","#N/A","#N/A","#N/A","#N/A","#N/A","#N/A","#N/A",false,"#N/A",false,"#N/A","#N/A",1.0,false,"#N/A",false,false,false,false,"#N/A",false,false,false,false,false,false,false,false,"#N/A",Click,false,false,false,List,"#N/A",true,"#N/A",false,"#N/A","#N/A","#N/A",List,"#N/A","#N/A","#N/A","#N/A","#N/A",Renewable,"#N/A",false,"#N/A","#N/A","#N/A","#N/A","#N/A","#N/A"
b51b55ff-3b2a-45a2-b7e4-eb3262d13ba3,"#N/A","#N/A","#N/A","#N/A",false,mooverTest,"#N/A","#N/A",Default,One per quote line,"#N/A","#N/A","#N/A",Quantity,"#N/A",false,"#N/A","#N/A","#N/A","#N/A","#N/A","#N/A","#N/A","#N/A","#N/A",false,"#N/A",false,"#N/A","#N/A",1.0,false,"#N/A",false,false,false,false,"#N/A",false,false,false,false,false,false,false,false,"#N/A",Click,false,false,false,List,"#N/A",true,"#N/A",false,"#N/A","#N/A","#N/A",List,"#N/A","#N/A","#N/A","#N/A","#N/A",Renewable,"#N/A",false,"#N/A","#N/A","#N/A","#N/A","#N/A","#N/A"
b6737f00-8f29-404b-a014-811542fadf16,"#N/A","#N/A","#N/A","#N/A",false,myProduct_EDIT,"#N/A","#N/A",Default,One per quote line,"#N/A","#N/A","#N/A",Quantity,"#N/A",false,"#N/A","#N/A","#N/A","#N/A","#N/A","#N/A","#N/A","#N/A","#N/A",false,"#N/A",false,"#N/A","#N/A",1.0,false,"#N/A",false,false,false,false,"#N/A",false,false,false,false,false,false,false,false,"#N/A",Click,false,false,false,List,"#N/A",true,"#N/A",false,"#N/A","#N/A","#N/A",List,"#N/A","#N/A","#N/A","#N/A","#N/A",Renewable,"#N/A",false,"#N/A","#N/A","#N/A","#N/A","#N/A","#N/A"
bd0e285f-fcf7-4f77-b9a9-ef80d8dd2ce4,"#N/A","#N/A","#N/A","#N/A",false,myProduct,"#N/A","#N/A",Default,One per quote line,"#N/A","#N/A","#N/A",Quantity,"#N/A",false,"#N/A","#N/A","#N/A","#N/A","#N/A","#N/A","#N/A","#N/A","#N/A",false,"#N/A",false,"#N/A","#N/A",1.0,false,"#N/A",false,false,false,false,"#N/A",false,false,false,false,false,false,false,false,"#N/A",Click,false,false,false,List,"#N/A",true,"#N/A",false,"#N/A","#N/A","#N/A",List,"#N/A","#N/A","#N/A","#N/A","#N/A",Renewable,"#N/A",false,"#N/A","#N/A","#N/A","#N/A","#N/A","#N/A"
bd428c23-63dd-412f-9025-2ad309248fde,"#N/A","#N/A","#N/A","#N/A",false,temb|4 5,"#N/A","#N/A",Default,One per quote line,"#N/A","#N/A","#N/A",Quantity,"#N/A",false,"#N/A","#N/A","#N/A","#N/A","#N/A","#N/A","#N/A","#N/A","#N/A",false,"#N/A",false,"#N/A","#N/A",1.0,false,"#N/A",false,false,false,false,"#N/A",false,false,false,false,false,false,false,false,"#N/A",Click,false,false,false,List,"#N/A",true,"#N/A",false,"#N/A","#N/A","#N/A",List,"#N/A","#N/A","#N/A","#N/A","#N/A",Renewable,"#N/A",false,"#N/A","#N/A","#N/A","#N/A","#N/A","#N/A"
c4e5ddd3-47e8-4e5a-beac-40cdf400a84f,"#N/A","#N/A","#N/A",None,true,Prod New 22222,123abcd,"#N/A",Allow Refund,One per quote line,"#N/A","#N/A","#N/A",Quantity,"#N/A",true,12.0,Always,"#N/A","#N/A","#N/A",Required,"#N/A","#N/A","#N/A",false,"#N/A",false,"#N/A","#N/A",100.0,false,"#N/A",false,false,true,false,"#N/A",false,false,false,true,false,false,false,false,Tabs,Click,false,false,false,List,"#N/A",true,"#N/A",false,"#N/A",12.0,<p>spec here</p>,List,"#N/A","#N/A","#N/A","#N/A","#N/A",Renewable,"#N/A",false,"#N/A","#N/A","#N/A","#N/A","#N/A","#N/A"
c61ec988-0829-42d4-bdf3-024b8003cb9c,"#N/A","#N/A","#N/A","#N/A",false,testtttttttttttttttttttttttttttt,"#N/A","#N/A",Default,One per quote line,"#N/A","#N/A","#N/A",Quantity,"#N/A",false,"#N/A","#N/A","#N/A","#N/A","#N/A","#N/A","#N/A","#N/A","#N/A",false,"#N/A",false,"#N/A","#N/A",1.0,false,"#N/A",false,false,false,false,"#N/A",false,false,false,false,false,false,false,false,"#N/A",Click,false,false,false,List,"#N/A",true,"#N/A",false,"#N/A","#N/A","#N/A",List,"#N/A","#N/A","#N/A","#N/A","#N/A",Renewable,"#N/A",false,"#N/A","#N/A","#N/A","#N/A","#N/A","#N/A"
caa0157a-031e-4caf-89ac-249367ae6ca5,"#N/A","#N/A","#N/A","#N/A",false,test4,"#N/A","#N/A",Default,One per quote line,"#N/A","#N/A","#N/A",Quantity,"#N/A",false,"#N/A","#N/A","#N/A","#N/A","#N/A","#N/A","#N/A","#N/A","#N/A",false,"#N/A",false,"#N/A","#N/A",1.0,false,"#N/A",false,false,false,false,"#N/A",false,false,false,false,false,false,false,false,"#N/A",Click,false,false,false,List,"#N/A",true,"#N/A",false,"#N/A","#N/A","#N/A",List,"#N/A","#N/A","#N/A","#N/A","#N/A",Renewable,"#N/A",false,"#N/A","#N/A","#N/A","#N/A","#N/A","#N/A"
d07547f2-004b-4529-b996-ec797d06b77f,"#N/A","#N/A","#N/A","#N/A",false,testProduct,"#N/A","#N/A",Default,One per quote line,"#N/A","#N/A","#N/A",Quantity,"#N/A",false,"#N/A","#N/A","#N/A","#N/A","#N/A","#N/A","#N/A","#N/A","#N/A",false,"#N/A",false,"#N/A","#N/A",1.0,false,"#N/A",false,false,false,false,"#N/A",false,false,false,false,false,false,false,false,"#N/A",Click,false,false,false,List,"#N/A",true,"#N/A",false,"#N/A","#N/A","#N/A",List,"#N/A","#N/A","#N/A","#N/A","#N/A",Renewable,"#N/A",false,"#N/A","#N/A","#N/A","#N/A","#N/A","#N/A"
d39b7d7f-09c9-4629-baf1-a59e632142d4,"#N/A","#N/A","#N/A","#N/A",false,mooverTest1,"#N/A","#N/A",Default,One per quote line,"#N/A","#N/A","#N/A",Quantity,"#N/A",false,"#N/A","#N/A","#N/A","#N/A","#N/A","#N/A","#N/A","#N/A","#N/A",false,"#N/A",false,"#N/A","#N/A",1.0,false,"#N/A",false,false,false,false,"#N/A",false,false,false,false,false,false,false,false,"#N/A",Click,false,false,false,List,"#N/A",true,"#N/A",false,"#N/A","#N/A","#N/A",List,"#N/A","#N/A","#N/A","#N/A","#N/A",Renewable,"#N/A",false,"#N/A","#N/A","#N/A","#N/A","#N/A","#N/A"
d3af8e43-dac6-455e-963e-73188f8e1adf,"#N/A","#N/A","#N/A","#N/A",false,myProduct_edit,"#N/A","#N/A",Default,One per quote line,"#N/A","#N/A","#N/A",Quantity,"#N/A",false,"#N/A","#N/A","#N/A","#N/A","#N/A","#N/A","#N/A","#N/A","#N/A",false,"#N/A",false,"#N/A","#N/A",1.0,false,"#N/A",false,false,false,false,"#N/A",false,false,false,false,false,false,false,false,"#N/A",Click,false,false,false,List,"#N/A",true,"#N/A",false,"#N/A","#N/A","#N/A",List,"#N/A","#N/A","#N/A","#N/A","#N/A",Renewable,"#N/A",false,"#N/A","#N/A","#N/A","#N/A","#N/A","#N/A"
d713f06c-126b-4aa0-a76e-ea44dfd28653,"#N/A","#N/A","#N/A","#N/A",false,NEW RECORD,"#N/A","#N/A",Default,One per quote line,"#N/A","#N/A","#N/A",Quantity,"#N/A",false,"#N/A","#N/A","#N/A","#N/A","#N/A","#N/A","#N/A","#N/A","#N/A",false,"#N/A",false,"#N/A","#N/A",1.0,false,"#N/A",false,false,false,false,"#N/A",false,false,false,false,false,false,false,false,"#N/A",Click,false,false,false,List,"#N/A",true,"#N/A",false,"#N/A","#N/A","#N/A",List,"#N/A","#N/A","#N/A","#N/A","#N/A",Renewable,"#N/A",false,"#N/A","#N/A","#N/A","#N/A","#N/A","#N/A"
e1a62d85-5905-40ff-8460-7821e838f666,"#N/A","#N/A","#N/A","#N/A",false,myProduct1_edit 2,"#N/A","#N/A",Default,One per quote line,"#N/A","#N/A","#N/A",Quantity,"#N/A",false,10.0,Always,"#N/A","#N/A","#N/A",Required,"#N/A","#N/A","#N/A",false,"#N/A",false,Always,"#N/A",1.0,false,List price is minimum,false,false,false,false,"#N/A",false,false,false,false,false,false,false,false,"#N/A",Add,false,false,true,Cost,"#N/A",true,"#N/A",false,"#N/A","#N/A","#N/A",List,"#N/A","#N/A","#N/A","#N/A","#N/A",Renewable,"#N/A",false,Line,"#N/A","#N/A","#N/A","#N/A","#N/A"
e31a9add-a7c3-40e9-8cf0-4c9f35cd3343,"#N/A","#N/A","#N/A","#N/A",false,3,"#N/A","#N/A",Default,One per quote line,"#N/A","#N/A","#N/A",Quantity,"#N/A",false,"#N/A","#N/A","#N/A","#N/A","#N/A","#N/A","#N/A","#N/A","#N/A",false,"#N/A",false,"#N/A","#N/A",1.0,false,"#N/A",false,false,false,false,"#N/A",false,false,false,false,false,false,false,false,"#N/A",Click,false,false,false,List,"#N/A",true,"#N/A",false,"#N/A","#N/A","#N/A",List,"#N/A","#N/A","#N/A","#N/A","#N/A",Renewable,"#N/A",false,"#N/A","#N/A","#N/A","#N/A","#N/A","#N/A"
e6971925-adb2-412f-9a02-086a72fea377,"#N/A","#N/A","#N/A","#N/A",false,skipInstertTest,"#N/A","#N/A",Default,One per quote line,"#N/A","#N/A","#N/A",Quantity,"#N/A",false,"#N/A","#N/A","#N/A","#N/A","#N/A","#N/A","#N/A","#N/A","#N/A",false,"#N/A",false,"#N/A","#N/A",1.0,false,"#N/A",false,false,false,false,"#N/A",false,false,false,false,false,false,false,false,"#N/A",Click,false,false,false,List,"#N/A",true,"#N/A",false,"#N/A","#N/A","#N/A",List,"#N/A","#N/A","#N/A","#N/A","#N/A",Renewable,"#N/A",false,"#N/A","#N/A","#N/A","#N/A","#N/A","#N/A"
ee18f1bb-8205-4f79-acf8-2040d228c23f,"#N/A","#N/A","#N/A",None,true,Prod New 22222,123abcd,"#N/A",Allow Refund,One per quote line,"#N/A","#N/A","#N/A",Quantity,"#N/A",true,12.0,Always,"#N/A","#N/A","#N/A",Required,"#N/A","#N/A","#N/A",false,"#N/A",false,"#N/A","#N/A",100.0,false,"#N/A",false,false,true,false,"#N/A",false,false,false,true,false,false,false,false,Tabs,Click,false,false,false,List,"#N/A",true,"#N/A",false,"#N/A",12.0,<p>spec here</p>,List,"#N/A","#N/A","#N/A","#N/A","#N/A",Renewable,"#N/A",false,"#N/A","#N/A","#N/A","#N/A","#N/A","#N/A"
ef6c11ef-3c50-4989-b7bd-e2e24af6ea85,"#N/A","#N/A","#N/A","#N/A",false,MarkTest1,"#N/A","#N/A",Default,One per quote line,"#N/A","#N/A","#N/A",Quantity,"#N/A",false,"#N/A","#N/A","#N/A","#N/A","#N/A","#N/A","#N/A","#N/A","#N/A",false,"#N/A",false,"#N/A","#N/A",1.0,false,"#N/A",false,false,false,false,"#N/A",false,false,false,false,false,false,false,false,"#N/A",Click,false,false,false,List,"#N/A",true,"#N/A",false,"#N/A","#N/A","#N/A",List,"#N/A","#N/A","#N/A","#N/A","#N/A",Renewable,"#N/A",false,"#N/A","#N/A","#N/A","#N/A","#N/A","#N/A"
f688503a-3ffc-441d-b3cf-acfb81f0930f,"#N/A","#N/A","#N/A","#N/A",false,myProduct_edit,"#N/A","#N/A",Default,One per quote line,"#N/A","#N/A","#N/A",Quantity,"#N/A",false,"#N/A","#N/A","#N/A","#N/A","#N/A","#N/A","#N/A","#N/A","#N/A",false,"#N/A",false,"#N/A","#N/A",1.0,false,"#N/A",false,false,false,false,"#N/A",false,false,false,false,false,false,false,false,"#N/A",Click,false,false,false,List,"#N/A",true,"#N/A",false,"#N/A","#N/A","#N/A",List,"#N/A","#N/A","#N/A","#N/A","#N/A",Renewable,"#N/A",false,"#N/A","#N/A","#N/A","#N/A","#N/A","#N/A"
f76600bc-eb28-4168-b38b-5329bb364c10,"#N/A","#N/A","#N/A","#N/A",false,TEST,"#N/A","#N/A",Default,One per quote line,"#N/A","#N/A","#N/A",Quantity,"#N/A",false,"#N/A","#N/A","#N/A","#N/A","#N/A","#N/A","#N/A","#N/A","#N/A",false,"#N/A",false,"#N/A","#N/A",1.0,false,"#N/A",false,false,false,false,"#N/A",false,false,false,false,false,false,false,false,"#N/A",Click,false,false,false,List,"#N/A",true,"#N/A",false,"#N/A","#N/A","#N/A",List,"#N/A","#N/A","#N/A","#N/A","#N/A",Renewable,"#N/A",false,"#N/A","#N/A","#N/A","#N/A","#N/A","#N/A"
f78c8934-059d-45cb-ab83-a216679ade5a,"#N/A","#N/A","#N/A","#N/A",false,TEST,"#N/A","#N/A",Default,One per quote line,"#N/A","#N/A","#N/A",Quantity,"#N/A",false,"#N/A","#N/A","#N/A","#N/A","#N/A","#N/A","#N/A","#N/A","#N/A",false,"#N/A",false,"#N/A","#N/A",1.0,false,"#N/A",false,false,false,false,"#N/A",false,false,false,false,false,false,false,false,"#N/A",Click,false,false,false,List,"#N/A",true,"#N/A",false,"#N/A","#N/A","#N/A",List,"#N/A","#N/A","#N/A","#N/A","#N/A",Renewable,"#N/A",false,"#N/A","#N/A","#N/A","#N/A","#N/A","#N/A"
f973a010-ebac-41f8-9fb6-7afffec9a7f7,"#N/A","#N/A","#N/A","#N/A",false,FRIDAY,"#N/A","#N/A",Default,One per quote line,"#N/A","#N/A","#N/A",Quantity,"#N/A",false,"#N/A","#N/A","#N/A","#N/A","#N/A","#N/A","#N/A","#N/A","#N/A",false,"#N/A",false,"#N/A","#N/A",1.0,false,"#N/A",false,false,false,false,"#N/A",false,false,false,false,false,false,false,false,"#N/A",Click,false,false,false,List,"#N/A",true,"#N/A",false,"#N/A","#N/A","#N/A",List,"#N/A","#N/A","#N/A","#N/A","#N/A",Renewable,"#N/A",false,"#N/A","#N/A","#N/A","#N/A","#N/A","#N/A"
ff45a1e3-6826-4cad-a0a4-707bbf067b87,"#N/A","#N/A","#N/A","#N/A",false,myProduct,"#N/A","#N/A",Default,One per quote line,"#N/A","#N/A","#N/A",Quantity,"#N/A",false,"#N/A","#N/A","#N/A","#N/A","#N/A","#N/A","#N/A","#N/A","#N/A",false,"#N/A",false,"#N/A","#N/A",1.0,false,"#N/A",false,false,false,false,"#N/A",false,false,false,false,false,false,false,false,"#N/A",Click,false,false,false,List,"#N/A",true,"#N/A",false,"#N/A","#N/A","#N/A",List,"#N/A","#N/A","#N/A","#N/A","#N/A",Renewable,"#N/A",false,"#N/A","#N/A","#N/A","#N/A","#N/A","#N/A"
