"Guid","SBQQ__AppliedImmediatelyContext__c","SBQQ__AppliedImmediately__c","SBQQ__Bundled__c","SBQQ__ComponentCodePosition__c","SBQQ__ComponentCode__c","SBQQ__ComponentDescriptionPosition__c","SBQQ__ComponentDescription__c","SBQQ__ConfiguredSKU__c","SBQQ__DefaultPricingTable__c","SBQQ__DiscountAmount__c","SBQQ__DiscountSchedule__c","SBQQ__Discount__c","SBQQ__DiscountedByPackage__c","SBQQ__ExistingQuantity__c","SBQQ__Feature__c","SBQQ__MaxQuantity__c","SBQQ__MinQuantity__c","SBQQ__Number__c","SBQQ__OptionalSKU__c","SBQQ__QuantityEditable__c","SBQQ__Quantity__c","SBQQ__QuoteLineVisibility__c","SBQQ__RenewalProductOption__c","SBQQ__Required__c","SBQQ__Selected__c","SBQQ__SubscriptionScope__c","SBQQ__System__c","SBQQ__Type__c","SBQQ__UnitPrice__c","SBQQ__UpliftedByPackage__c"
02f4d261-0d03-41c9-af75-57811cdc5b4a,"#N/A",false,false,"#N/A","#N/A","#N/A","#N/A","#N/A","#N/A","#N/A","#N/A","#N/A",false,"#N/A","#N/A","#N/A","#N/A",230.0,"#N/A",true,"#N/A","#N/A","#N/A",false,true,"#N/A",false,Related Product,"#N/A",false
063ff6be-3dfc-41d2-8108-4598a255fadf,"#N/A",false,false,"#N/A","#N/A","#N/A","#N/A","#N/A","#N/A","#N/A","#N/A","#N/A",false,"#N/A","#N/A","#N/A","#N/A",120.0,"#N/A",true,1.0,"#N/A","#N/A",false,true,"#N/A",false,Related Product,"#N/A",false
091a50b0-e209-4197-ab58-1a9e255b7a66,"#N/A",false,false,"#N/A","#N/A","#N/A","#N/A","#N/A","#N/A","#N/A","#N/A","#N/A",false,"#N/A","#N/A","#N/A","#N/A",410.0,"#N/A",false,"#N/A","#N/A","#N/A",false,true,"#N/A",false,Related Product,"#N/A",false
0cd587f9-cbd5-49c9-ad30-ba2c62dc182f,"#N/A",false,false,"#N/A","#N/A","#N/A","#N/A","#N/A","#N/A","#N/A","#N/A","#N/A",false,"#N/A","#N/A","#N/A","#N/A",110.0,"#N/A",true,1.0,"#N/A","#N/A",false,false,"#N/A",false,Related Product,"#N/A",false
0d330160-ad91-441f-85a4-205fec824912,"#N/A",false,false,"#N/A",1q2w3e,"#N/A","#N/A","#N/A","#N/A","#N/A","#N/A",5.0,false,"#N/A","#N/A",10.0,1.0,1.0,"#N/A",false,12.0,"#N/A","#N/A",false,false,"#N/A",false,Component,12.0,false
125ec9f4-1964-442d-bec9-302c24b9bfaf,"#N/A",false,false,"#N/A","#N/A","#N/A","#N/A","#N/A","#N/A","#N/A","#N/A","#N/A",false,"#N/A","#N/A","#N/A","#N/A",1.0,"#N/A",false,"#N/A","#N/A","#N/A",false,false,"#N/A",false,Component,"#N/A",false
13c3b421-1ac9-4d13-aa1e-4273bc9e21ce,"#N/A",false,false,"#N/A","#N/A","#N/A","#N/A","#N/A","#N/A","#N/A","#N/A","#N/A",false,"#N/A","#N/A","#N/A","#N/A",310.0,"#N/A",false,1.0,"#N/A","#N/A",true,true,"#N/A",false,Component,"#N/A",false
144511a5-6b11-421b-b2ef-1ad582d43293,"#N/A",false,false,"#N/A",1q2w3e,"#N/A","#N/A","#N/A","#N/A","#N/A","#N/A",5.0,false,"#N/A","#N/A",10.0,1.0,1.0,"#N/A",false,12.0,"#N/A","#N/A",false,false,"#N/A",false,Component,12.0,false
14b59f03-6905-4b08-91b6-680a6f7bf3b3,"#N/A",false,false,"#N/A","#N/A","#N/A","#N/A","#N/A","#N/A","#N/A","#N/A","#N/A",false,"#N/A","#N/A","#N/A","#N/A",110.0,"#N/A",true,1.0,"#N/A","#N/A",false,false,"#N/A",false,Related Product,"#N/A",false
16fb65bb-7447-4c5b-b594-aa9f250212e1,"#N/A",false,false,"#N/A","#N/A","#N/A","#N/A","#N/A","#N/A","#N/A","#N/A","#N/A",false,"#N/A","#N/A","#N/A","#N/A",220.0,"#N/A",true,"#N/A","#N/A","#N/A",false,false,"#N/A",false,Component,"#N/A",false
1b3921c5-6c6f-440f-b53d-fe121198d22a,"#N/A",false,false,"#N/A","#N/A","#N/A","#N/A","#N/A","#N/A","#N/A","#N/A","#N/A",false,"#N/A","#N/A","#N/A","#N/A",320.0,"#N/A",false,1.0,"#N/A","#N/A",false,true,"#N/A",false,Component,"#N/A",false
1dd23568-e406-4b2f-a607-e4e16d613ffb,"#N/A",false,false,"#N/A","#N/A","#N/A","#N/A",e7e6c882-f07d-4645-97bc-a7f419d8f356,"#N/A","#N/A","#N/A","#N/A",false,"#N/A",7cdccae4-23ef-4066-be95-5be005327c36,"#N/A","#N/A",230.0,38ea2ae1-5fe8-4daf-ac99-3339280310e3,true,"#N/A","#N/A","#N/A",false,true,"#N/A",false,Related Product,"#N/A",false
23c38a8d-0796-4d6a-90b6-3fd5fa9b2e2b,"#N/A",false,false,"#N/A","#N/A","#N/A","#N/A",e7e6c882-f07d-4645-97bc-a7f419d8f356,"#N/A","#N/A","#N/A","#N/A",false,"#N/A",a09397c4-5c34-488d-9c8e-6b998b465bd3,"#N/A","#N/A",310.0,d7945383-a24b-49c1-a791-74e2a6197dee,false,1.0,"#N/A","#N/A",true,true,"#N/A",false,Component,"#N/A",false
26fe0cd0-b627-4d2e-90ca-9dcc77b38f61,"#N/A",false,false,"#N/A","#N/A","#N/A","#N/A","#N/A","#N/A","#N/A","#N/A","#N/A",false,"#N/A","#N/A","#N/A","#N/A",210.0,"#N/A",true,"#N/A","#N/A","#N/A",false,false,"#N/A",false,Component,"#N/A",false
2ab1b894-650e-4bc7-be1e-7f8ec7630323,"#N/A",false,false,"#N/A","#N/A","#N/A","#N/A","#N/A","#N/A","#N/A","#N/A","#N/A",false,"#N/A","#N/A","#N/A","#N/A",240.0,"#N/A",true,"#N/A","#N/A","#N/A",false,true,"#N/A",false,Component,"#N/A",false
2c5aa157-9e3c-43b9-ae78-f244b1150d5c,"#N/A",false,false,"#N/A","#N/A","#N/A","#N/A","#N/A","#N/A","#N/A","#N/A","#N/A",false,"#N/A","#N/A","#N/A","#N/A",320.0,"#N/A",false,1.0,"#N/A","#N/A",false,true,"#N/A",false,Component,"#N/A",false
320548ee-94fd-40eb-980b-cd96047cf38e,"#N/A",false,false,"#N/A","#N/A","#N/A","#N/A","#N/A","#N/A","#N/A","#N/A","#N/A",false,"#N/A","#N/A","#N/A","#N/A",110.0,"#N/A",true,1.0,"#N/A","#N/A",false,false,"#N/A",false,Related Product,"#N/A",false
362d6d57-b110-456e-a973-c36835934d2d,"#N/A",false,false,"#N/A","#N/A","#N/A","#N/A","#N/A","#N/A","#N/A","#N/A","#N/A",false,"#N/A","#N/A","#N/A","#N/A",1.0,"#N/A",false,"#N/A","#N/A","#N/A",false,false,"#N/A",false,Component,"#N/A",false
4094c22b-e6e3-474a-b47f-0cb6dd092839,"#N/A",false,false,"#N/A","#N/A","#N/A","#N/A","#N/A","#N/A","#N/A","#N/A","#N/A",false,"#N/A","#N/A","#N/A","#N/A",310.0,"#N/A",false,1.0,"#N/A","#N/A",true,true,"#N/A",false,Component,"#N/A",false
43ab539e-b5de-4832-bb8e-f1e46ba1ef76,"#N/A",false,false,"#N/A","#N/A","#N/A","#N/A",e7e6c882-f07d-4645-97bc-a7f419d8f356,"#N/A","#N/A","#N/A","#N/A",false,"#N/A",a09397c4-5c34-488d-9c8e-6b998b465bd3,"#N/A","#N/A",320.0,b200c4e9-89d8-4c3c-bf09-e73fd64096a6,false,1.0,"#N/A","#N/A",false,true,"#N/A",false,Component,"#N/A",false
47b17752-0a48-4167-a40b-77c460293846,"#N/A",false,false,"#N/A","#N/A","#N/A","#N/A","#N/A","#N/A","#N/A","#N/A","#N/A",false,"#N/A","#N/A","#N/A","#N/A",410.0,"#N/A",false,"#N/A","#N/A","#N/A",false,true,"#N/A",false,Related Product,"#N/A",false
49f2af3d-cd7c-4077-b8f2-caf189b94b51,"#N/A",false,false,"#N/A","#N/A","#N/A","#N/A","#N/A","#N/A","#N/A","#N/A","#N/A",false,"#N/A","#N/A","#N/A","#N/A",310.0,"#N/A",false,1.0,"#N/A","#N/A",true,true,"#N/A",false,Component,"#N/A",false
4d016c5a-0ad3-479b-9098-7b5a70c4999b,"#N/A",false,false,"#N/A","#N/A","#N/A","#N/A","#N/A","#N/A","#N/A","#N/A","#N/A",false,"#N/A","#N/A","#N/A","#N/A",210.0,"#N/A",true,"#N/A","#N/A","#N/A",false,false,"#N/A",false,Component,"#N/A",false
4dd66fa2-5d53-4774-a2a4-44dfa40ac0d6,"#N/A",false,false,"#N/A","#N/A","#N/A","#N/A","#N/A","#N/A","#N/A","#N/A","#N/A",false,"#N/A","#N/A","#N/A","#N/A",120.0,"#N/A",true,1.0,"#N/A","#N/A",false,true,"#N/A",false,Related Product,"#N/A",false
53309a2c-ce0e-4215-a13d-5a81bce3f595,"#N/A",false,false,"#N/A","#N/A","#N/A","#N/A","#N/A","#N/A","#N/A","#N/A","#N/A",false,"#N/A","#N/A","#N/A","#N/A",330.0,"#N/A",true,"#N/A","#N/A","#N/A",false,false,"#N/A",false,Related Product,"#N/A",false
5a9cc52f-44ff-4c4f-acad-d7a40d4a742f,"#N/A",false,false,"#N/A","#N/A","#N/A","#N/A","#N/A","#N/A","#N/A","#N/A","#N/A",false,"#N/A","#N/A","#N/A","#N/A",230.0,"#N/A",true,"#N/A","#N/A","#N/A",false,true,"#N/A",false,Related Product,"#N/A",false
5c6e57d0-5218-4b53-9ecd-2826f3712502,"#N/A",false,false,"#N/A","#N/A","#N/A","#N/A","#N/A","#N/A","#N/A","#N/A","#N/A",false,"#N/A","#N/A","#N/A","#N/A",230.0,"#N/A",true,"#N/A","#N/A","#N/A",false,true,"#N/A",false,Related Product,"#N/A",false
63db5086-8f61-4403-bcce-1fa67e3acc02,"#N/A",false,false,"#N/A","#N/A","#N/A","#N/A","#N/A","#N/A","#N/A","#N/A","#N/A",false,"#N/A","#N/A","#N/A","#N/A",210.0,"#N/A",true,"#N/A","#N/A","#N/A",false,false,"#N/A",false,Component,"#N/A",false
64859d51-1457-4bcf-ade2-54d22164a52c,"#N/A",false,false,"#N/A","#N/A","#N/A","#N/A","#N/A","#N/A","#N/A","#N/A","#N/A",false,"#N/A","#N/A","#N/A","#N/A",410.0,"#N/A",false,"#N/A","#N/A","#N/A",false,true,"#N/A",false,Related Product,"#N/A",false
6e95dffe-d093-4105-8b56-71d593fb2c9d,"#N/A",false,false,"#N/A","#N/A","#N/A","#N/A","#N/A","#N/A","#N/A","#N/A","#N/A",false,"#N/A","#N/A","#N/A","#N/A",420.0,"#N/A",false,"#N/A","#N/A","#N/A",false,true,"#N/A",false,Related Product,"#N/A",false
721aa572-3eff-4fbb-a4c6-9f6a9d0cfb7a,"#N/A",false,false,"#N/A","#N/A","#N/A","#N/A","#N/A","#N/A","#N/A","#N/A","#N/A",false,"#N/A","#N/A","#N/A","#N/A",110.0,"#N/A",true,1.0,"#N/A","#N/A",false,false,"#N/A",false,Related Product,"#N/A",false
73f8d9ce-b8ba-4a2a-b453-c9f1067348eb,"#N/A",false,false,"#N/A","#N/A","#N/A","#N/A",e7e6c882-f07d-4645-97bc-a7f419d8f356,"#N/A","#N/A","#N/A","#N/A",false,"#N/A",6320f82b-e133-4c95-b3bc-e967470910b7,"#N/A","#N/A",420.0,7e43479d-1544-4d40-b4bd-c512523dad70,false,"#N/A","#N/A","#N/A",false,true,"#N/A",false,Related Product,"#N/A",false
74b0ee9f-3f37-406b-8d90-1f95a9e69e17,"#N/A",false,false,"#N/A","#N/A","#N/A","#N/A",e7e6c882-f07d-4645-97bc-a7f419d8f356,"#N/A","#N/A","#N/A","#N/A",false,"#N/A",6320f82b-e133-4c95-b3bc-e967470910b7,"#N/A","#N/A",410.0,edc1c251-ece2-424e-b25b-c1100b22387a,false,"#N/A","#N/A","#N/A",false,true,"#N/A",false,Related Product,"#N/A",false
763ac398-7083-434e-91c5-4213e657347a,"#N/A",false,false,"#N/A",1q2w3e,"#N/A","#N/A","#N/A","#N/A","#N/A","#N/A",5.0,false,"#N/A","#N/A",10.0,1.0,1.0,"#N/A",false,12.0,"#N/A","#N/A",false,false,"#N/A",false,Component,12.0,false
76447682-971c-4ccd-8ef6-c31c19faa815,"#N/A",false,false,"#N/A","#N/A","#N/A","#N/A","#N/A","#N/A","#N/A","#N/A","#N/A",false,"#N/A","#N/A","#N/A","#N/A",310.0,"#N/A",false,1.0,"#N/A","#N/A",true,true,"#N/A",false,Component,"#N/A",false
766d36f4-65f5-448b-b7b3-ba84d1d89f05,"#N/A",false,false,"#N/A","#N/A","#N/A","#N/A",a4ff8ccc-ae71-4016-b10d-1bdfbe960583,"#N/A","#N/A","#N/A","#N/A",false,"#N/A","#N/A","#N/A","#N/A",1.0,bea386be-3747-43c2-b3b1-42123d8180eb,false,"#N/A","#N/A","#N/A",false,false,"#N/A",false,Component,"#N/A",false
791ebbd7-17a5-4504-89a9-688c645fcc51,"#N/A",false,false,"#N/A","#N/A","#N/A","#N/A",e7e6c882-f07d-4645-97bc-a7f419d8f356,"#N/A","#N/A","#N/A","#N/A",false,"#N/A",7cdccae4-23ef-4066-be95-5be005327c36,"#N/A","#N/A",240.0,ad026405-0088-4fe7-b800-8826a3e332f2,true,"#N/A","#N/A","#N/A",false,true,"#N/A",false,Component,"#N/A",false
7ce0e8c0-c425-4012-b9c0-9efa4ef14d99,"#N/A",false,false,"#N/A","#N/A","#N/A","#N/A","#N/A","#N/A","#N/A","#N/A","#N/A",false,"#N/A","#N/A","#N/A","#N/A",220.0,"#N/A",true,"#N/A","#N/A","#N/A",false,false,"#N/A",false,Component,"#N/A",false
7ce6ab9a-7ac7-41a3-99a2-c436a4198ff3,"#N/A",false,false,"#N/A","#N/A","#N/A","#N/A","#N/A","#N/A","#N/A","#N/A","#N/A",false,"#N/A","#N/A","#N/A","#N/A",220.0,"#N/A",true,"#N/A","#N/A","#N/A",false,false,"#N/A",false,Component,"#N/A",false
812afdf1-6b7a-4d99-8ff5-78f2d055108a,"#N/A",false,false,"#N/A","#N/A","#N/A","#N/A","#N/A","#N/A","#N/A","#N/A","#N/A",false,"#N/A","#N/A","#N/A","#N/A",330.0,"#N/A",true,"#N/A","#N/A","#N/A",false,false,"#N/A",false,Related Product,"#N/A",false
825d148d-87db-4d03-849b-f66db0fffef8,"#N/A",false,false,"#N/A","#N/A","#N/A","#N/A","#N/A","#N/A","#N/A","#N/A","#N/A",false,"#N/A","#N/A","#N/A","#N/A",120.0,"#N/A",true,1.0,"#N/A","#N/A",false,true,"#N/A",false,Related Product,"#N/A",false
848d022a-e5f9-444e-97f3-2793eef48a0b,"#N/A",false,false,"#N/A",1q2w3e,"#N/A","#N/A","#N/A","#N/A","#N/A","#N/A",5.0,false,"#N/A","#N/A",10.0,1.0,1.0,"#N/A",false,12.0,"#N/A","#N/A",false,false,"#N/A",false,Component,12.0,false
8976b39c-da5a-4bd1-8efd-8aa1e2bb702c,"#N/A",false,false,"#N/A","#N/A","#N/A","#N/A",e7e6c882-f07d-4645-97bc-a7f419d8f356,"#N/A","#N/A","#N/A","#N/A",false,"#N/A",a09397c4-5c34-488d-9c8e-6b998b465bd3,"#N/A","#N/A",330.0,e574163b-65c8-4047-ae6f-ce82ef0f2669,true,"#N/A","#N/A","#N/A",false,false,"#N/A",false,Related Product,"#N/A",false
8d768c09-84fc-4bc9-bb60-e82ebd7d051a,"#N/A",false,false,"#N/A","#N/A","#N/A","#N/A","#N/A","#N/A","#N/A","#N/A","#N/A",false,"#N/A","#N/A","#N/A","#N/A",310.0,"#N/A",false,1.0,"#N/A","#N/A",true,true,"#N/A",false,Component,"#N/A",false
926771fb-6900-4511-9335-777e5f4d975a,"#N/A",false,false,"#N/A","#N/A","#N/A","#N/A",e7e6c882-f07d-4645-97bc-a7f419d8f356,"#N/A","#N/A",1f84a0c4-e098-4e94-a4c5-a4a7ce40cc24,"#N/A",false,"#N/A",e4b3e20d-f902-484a-9517-5bd65b5e6a41,"#N/A","#N/A",110.0,98492492-998c-4595-a87e-1f79273099ae,true,1.0,"#N/A","#N/A",false,false,"#N/A",false,Related Product,"#N/A",false
92ed1cd0-b1d8-4226-8565-48ae7285d19b,"#N/A",false,false,"#N/A","#N/A","#N/A","#N/A","#N/A","#N/A","#N/A","#N/A","#N/A",false,"#N/A","#N/A","#N/A","#N/A",320.0,"#N/A",false,1.0,"#N/A","#N/A",false,true,"#N/A",false,Component,"#N/A",false
96dc20ed-7b64-4219-8a15-681d6eea17e6,"#N/A",false,false,"#N/A","#N/A","#N/A","#N/A","#N/A","#N/A","#N/A","#N/A","#N/A",false,"#N/A","#N/A","#N/A","#N/A",420.0,"#N/A",false,"#N/A","#N/A","#N/A",false,true,"#N/A",false,Related Product,"#N/A",false
9b8281d2-a5b9-401b-a23f-6887d487d59d,"#N/A",false,false,"#N/A","#N/A","#N/A","#N/A","#N/A","#N/A","#N/A","#N/A","#N/A",false,"#N/A","#N/A","#N/A","#N/A",210.0,"#N/A",true,"#N/A","#N/A","#N/A",false,false,"#N/A",false,Component,"#N/A",false
a7161d6c-e369-4aae-bd3b-fca524354e2c,"#N/A",false,false,"#N/A","#N/A","#N/A","#N/A","#N/A","#N/A","#N/A","#N/A","#N/A",false,"#N/A","#N/A","#N/A","#N/A",240.0,"#N/A",true,"#N/A","#N/A","#N/A",false,true,"#N/A",false,Component,"#N/A",false
b27998d4-ac59-4921-a942-d3206ede58d1,"#N/A",false,false,"#N/A","#N/A","#N/A","#N/A","#N/A","#N/A","#N/A","#N/A","#N/A",false,"#N/A","#N/A","#N/A","#N/A",420.0,"#N/A",false,"#N/A","#N/A","#N/A",false,true,"#N/A",false,Related Product,"#N/A",false
b39ea1a7-b1a9-4931-a75e-0824daecca40,"#N/A",false,false,"#N/A","#N/A","#N/A","#N/A","#N/A","#N/A","#N/A","#N/A","#N/A",false,"#N/A","#N/A","#N/A","#N/A",240.0,"#N/A",true,"#N/A","#N/A","#N/A",false,true,"#N/A",false,Component,"#N/A",false
b4272e46-2920-4e38-91ba-e740e0c83c62,"#N/A",false,false,"#N/A","#N/A","#N/A","#N/A","#N/A","#N/A","#N/A","#N/A","#N/A",false,"#N/A","#N/A","#N/A","#N/A",320.0,"#N/A",false,1.0,"#N/A","#N/A",false,true,"#N/A",false,Component,"#N/A",false
b4aabbf3-23ad-4b48-b9bd-a75eb3c4fc32,"#N/A",false,false,"#N/A","#N/A","#N/A","#N/A","#N/A","#N/A","#N/A","#N/A","#N/A",false,"#N/A","#N/A","#N/A","#N/A",1.0,"#N/A",false,"#N/A","#N/A","#N/A",false,false,"#N/A",false,Component,"#N/A",false
bdf8c237-88eb-4464-869c-32f2bf3688f8,"#N/A",false,false,"#N/A","#N/A","#N/A","#N/A","#N/A","#N/A","#N/A","#N/A","#N/A",false,"#N/A","#N/A","#N/A","#N/A",210.0,"#N/A",true,"#N/A","#N/A","#N/A",false,false,"#N/A",false,Component,"#N/A",false
beae06a6-643d-42f3-bb0d-f4c126a71a90,"#N/A",false,false,"#N/A",1q2w3e,"#N/A","#N/A",44b3a2d3-6b4f-4b90-892e-d96e6d45ad1f,"#N/A","#N/A","#N/A",5.0,false,"#N/A","#N/A",10.0,1.0,1.0,44b3a2d3-6b4f-4b90-892e-d96e6d45ad1f,false,12.0,"#N/A","#N/A",false,false,"#N/A",false,Component,12.0,false
bfaea235-4342-4d15-a19e-6b5b5e915265,"#N/A",false,false,"#N/A","#N/A","#N/A","#N/A","#N/A","#N/A","#N/A","#N/A","#N/A",false,"#N/A","#N/A","#N/A","#N/A",330.0,"#N/A",true,"#N/A","#N/A","#N/A",false,false,"#N/A",false,Related Product,"#N/A",false
c1274c19-d6c1-4e62-b67d-ab9feb833b14,"#N/A",false,false,"#N/A","#N/A","#N/A","#N/A","#N/A","#N/A","#N/A","#N/A","#N/A",false,"#N/A","#N/A","#N/A","#N/A",410.0,"#N/A",false,"#N/A","#N/A","#N/A",false,true,"#N/A",false,Related Product,"#N/A",false
c5ada87b-fd3a-4866-ac8e-8d9d68b1ca9d,"#N/A",false,false,"#N/A","#N/A","#N/A","#N/A","#N/A","#N/A","#N/A","#N/A","#N/A",false,"#N/A","#N/A","#N/A","#N/A",120.0,"#N/A",true,1.0,"#N/A","#N/A",false,true,"#N/A",false,Related Product,"#N/A",false
d069b294-02ba-4a00-9488-b4984c7016fb,"#N/A",false,false,"#N/A","#N/A","#N/A","#N/A","#N/A","#N/A","#N/A","#N/A","#N/A",false,"#N/A","#N/A","#N/A","#N/A",230.0,"#N/A",true,"#N/A","#N/A","#N/A",false,true,"#N/A",false,Related Product,"#N/A",false
d0b309c4-7911-4835-99f1-e263c3dd6c85,"#N/A",false,false,"#N/A","#N/A","#N/A","#N/A","#N/A","#N/A","#N/A","#N/A","#N/A",false,"#N/A","#N/A","#N/A","#N/A",230.0,"#N/A",true,"#N/A","#N/A","#N/A",false,true,"#N/A",false,Related Product,"#N/A",false
d31473ec-de90-427f-b3f6-3668164523fb,"#N/A",false,false,"#N/A","#N/A","#N/A","#N/A","#N/A","#N/A","#N/A","#N/A","#N/A",false,"#N/A","#N/A","#N/A","#N/A",420.0,"#N/A",false,"#N/A","#N/A","#N/A",false,true,"#N/A",false,Related Product,"#N/A",false
d3a02f37-e114-4473-a0ed-882fe95f98e2,"#N/A",false,false,"#N/A","#N/A","#N/A","#N/A","#N/A","#N/A","#N/A","#N/A","#N/A",false,"#N/A","#N/A","#N/A","#N/A",420.0,"#N/A",false,"#N/A","#N/A","#N/A",false,true,"#N/A",false,Related Product,"#N/A",false
d62290c6-0bbb-424c-a877-b2d3f8e85a76,"#N/A",false,false,"#N/A","#N/A","#N/A","#N/A",e7e6c882-f07d-4645-97bc-a7f419d8f356,"#N/A","#N/A","#N/A","#N/A",false,"#N/A",7cdccae4-23ef-4066-be95-5be005327c36,"#N/A","#N/A",210.0,98668d27-3556-4a74-9ac8-7e2da83d3a30,true,"#N/A","#N/A","#N/A",false,false,"#N/A",false,Component,"#N/A",false
d6a951aa-8fd3-49b8-a891-3e3a37f10948,"#N/A",false,false,"#N/A",1q2w3e,"#N/A","#N/A","#N/A","#N/A","#N/A","#N/A",5.0,false,"#N/A","#N/A",10.0,1.0,1.0,"#N/A",false,12.0,"#N/A","#N/A",false,false,"#N/A",false,Component,12.0,false
de9dc76e-8367-4dbe-86b7-b68bb72342db,"#N/A",false,false,"#N/A","#N/A","#N/A","#N/A","#N/A","#N/A","#N/A","#N/A","#N/A",false,"#N/A","#N/A","#N/A","#N/A",330.0,"#N/A",true,"#N/A","#N/A","#N/A",false,false,"#N/A",false,Related Product,"#N/A",false
dff87bc5-bd69-48d7-9ce3-2070d6709308,"#N/A",false,false,"#N/A","#N/A","#N/A","#N/A",e7e6c882-f07d-4645-97bc-a7f419d8f356,"#N/A","#N/A","#N/A","#N/A",false,"#N/A",7cdccae4-23ef-4066-be95-5be005327c36,"#N/A","#N/A",220.0,f9ffe222-213f-4609-ba32-6e676ef529dc,true,"#N/A","#N/A","#N/A",false,false,"#N/A",false,Component,"#N/A",false
e3c9cf80-b8c4-4976-a50c-a7940e75623f,"#N/A",false,false,"#N/A","#N/A","#N/A","#N/A","#N/A","#N/A","#N/A","#N/A","#N/A",false,"#N/A","#N/A","#N/A","#N/A",1.0,"#N/A",false,"#N/A","#N/A","#N/A",false,false,"#N/A",false,Component,"#N/A",false
e6678cd0-e870-478a-8b5e-13a8521b42bf,"#N/A",false,false,"#N/A","#N/A","#N/A","#N/A","#N/A","#N/A","#N/A","#N/A","#N/A",false,"#N/A","#N/A","#N/A","#N/A",240.0,"#N/A",true,"#N/A","#N/A","#N/A",false,true,"#N/A",false,Component,"#N/A",false
ec90161b-d2e0-41f4-9505-a58a6e4a942c,"#N/A",false,false,"#N/A","#N/A","#N/A","#N/A","#N/A","#N/A","#N/A","#N/A","#N/A",false,"#N/A","#N/A","#N/A","#N/A",320.0,"#N/A",false,1.0,"#N/A","#N/A",false,true,"#N/A",false,Component,"#N/A",false
ed340cb8-d691-43dc-8f91-09362b4cc36b,"#N/A",false,false,"#N/A","#N/A","#N/A","#N/A","#N/A","#N/A","#N/A","#N/A","#N/A",false,"#N/A","#N/A","#N/A","#N/A",330.0,"#N/A",true,"#N/A","#N/A","#N/A",false,false,"#N/A",false,Related Product,"#N/A",false
ee40864b-e23c-4b5c-819b-ebd438cbf45f,"#N/A",false,false,"#N/A","#N/A","#N/A","#N/A","#N/A","#N/A","#N/A","#N/A","#N/A",false,"#N/A","#N/A","#N/A","#N/A",220.0,"#N/A",true,"#N/A","#N/A","#N/A",false,false,"#N/A",false,Component,"#N/A",false
f1eec5b3-9be1-42e4-a241-a740914ab05c,"#N/A",false,false,"#N/A","#N/A","#N/A","#N/A","#N/A","#N/A","#N/A","#N/A","#N/A",false,"#N/A","#N/A","#N/A","#N/A",1.0,"#N/A",false,"#N/A","#N/A","#N/A",false,false,"#N/A",false,Component,"#N/A",false
f238d167-b38f-4faf-a917-252b0c7197b6,"#N/A",false,false,"#N/A","#N/A","#N/A","#N/A","#N/A","#N/A","#N/A","#N/A","#N/A",false,"#N/A","#N/A","#N/A","#N/A",240.0,"#N/A",true,"#N/A","#N/A","#N/A",false,true,"#N/A",false,Component,"#N/A",false
f6fcb3e2-a478-4319-b4bc-fb94879eb402,"#N/A",false,false,"#N/A","#N/A","#N/A","#N/A",e7e6c882-f07d-4645-97bc-a7f419d8f356,"#N/A","#N/A",1f84a0c4-e098-4e94-a4c5-a4a7ce40cc24,"#N/A",false,"#N/A",e4b3e20d-f902-484a-9517-5bd65b5e6a41,"#N/A","#N/A",120.0,61b739a4-dfcb-48b3-87a3-271056280d53,true,1.0,"#N/A","#N/A",false,true,"#N/A",false,Related Product,"#N/A",false
f8384a12-b2ce-476b-adc0-c8367d853ba4,"#N/A",false,false,"#N/A","#N/A","#N/A","#N/A","#N/A","#N/A","#N/A","#N/A","#N/A",false,"#N/A","#N/A","#N/A","#N/A",110.0,"#N/A",true,1.0,"#N/A","#N/A",false,false,"#N/A",false,Related Product,"#N/A",false
fb08c316-0bf8-4399-8fea-58110430b9fc,"#N/A",false,false,"#N/A","#N/A","#N/A","#N/A","#N/A","#N/A","#N/A","#N/A","#N/A",false,"#N/A","#N/A","#N/A","#N/A",120.0,"#N/A",true,1.0,"#N/A","#N/A",false,true,"#N/A",false,Related Product,"#N/A",false
fd0b4c14-ca38-4332-a7c2-6204c9777a20,"#N/A",false,false,"#N/A","#N/A","#N/A","#N/A","#N/A","#N/A","#N/A","#N/A","#N/A",false,"#N/A","#N/A","#N/A","#N/A",410.0,"#N/A",false,"#N/A","#N/A","#N/A",false,true,"#N/A",false,Related Product,"#N/A",false
fece1587-73e4-4ba4-a407-81551ebc16fa,"#N/A",false,false,"#N/A","#N/A","#N/A","#N/A","#N/A","#N/A","#N/A","#N/A","#N/A",false,"#N/A","#N/A","#N/A","#N/A",220.0,"#N/A",true,"#N/A","#N/A","#N/A",false,false,"#N/A",false,Component,"#N/A",false
